,VendorID,tpep_pickup_datetime,tpep_dropoff_datetime,passenger_count,trip_distance,RatecodeID,store_and_fwd_flag,PULocationID,DOLocationID,payment_type,fare_amount,extra,mta_tax,tip_amount,tolls_amount,improvement_surcharge,total_amount
24870114,2,3/25/2017 8:55,3/25/2017 9:09,6,3.34,1,N,100,231,1,13,0,0.5,2.76,0,0.3,16.56
35634249,1,4/11/2017 14:53,4/11/2017 15:19,1,1.8,1,N,186,43,1,16,0,0.5,4,0,0.3,20.8
106203690,1,12/15/2017 7:26,12/15/2017 7:34,1,1,1,N,262,236,1,6.5,0,0.5,1.45,0,0.3,8.75
38942136,2,5/7/2017 13:17,5/7/2017 13:48,1,3.7,1,N,188,97,1,20.5,0,0.5,6.39,0,0.3,27.69
30841670,2,4/15/2017 23:32,4/15/2017 23:49,1,4.37,1,N,4,112,2,16.5,0.5,0.5,0,0,0.3,17.8
23345809,2,3/25/2017 20:34,3/25/2017 20:42,6,2.3,1,N,161,236,1,9,0.5,0.5,2.06,0,0.3,12.36
37660487,2,5/3/2017 19:04,5/3/2017 20:03,1,12.83,1,N,79,241,1,47.5,1,0.5,9.86,0,0.3,59.16
69059411,2,8/15/2017 17:41,8/15/2017 18:03,1,2.98,1,N,237,114,1,16,1,0.5,1.78,0,0.3,19.58
8433159,2,2/4/2017 16:17,2/4/2017 16:29,1,1.2,1,N,234,249,2,9,0,0.5,0,0,0.3,9.8
95294817,1,11/10/2017 15:20,11/10/2017 15:40,1,1.6,1,N,239,237,1,13,0,0.5,2.75,0,0.3,16.55
18017909,2,3/4/2017 11:58,3/4/2017 12:13,1,1.77,1,N,162,142,1,11.5,0,0.5,2.46,0,0.3,14.76
18600059,2,3/5/2017 19:15,3/5/2017 19:52,2,18.9,2,N,236,132,1,52,0,0.5,14.58,5.54,0.3,72.92
46782248,1,6/9/2017 19:00,6/9/2017 19:20,1,3,1,N,13,148,1,15,1,0.5,3.35,0,0.3,20.15
94113247,2,11/6/2017 23:35,11/6/2017 23:42,1,2.39,1,N,209,25,1,9.5,0.5,0.5,2.16,0,0.3,12.96
14168279,1,2/22/2017 15:18,2/22/2017 15:42,1,3.3,1,N,238,161,1,17.5,0,0.5,4.55,0,0.3,22.85
47444401,2,6/2/2017 6:41,6/2/2017 6:57,1,5.93,1,N,239,231,1,19,0,0.5,3,0,0.3,22.8
69088676,1,8/15/2017 19:48,8/15/2017 20:00,1,3.6,1,N,163,41,1,12.5,1,0.5,2.85,0,0.3,17.15
58691513,2,7/10/2017 13:36,7/10/2017 13:48,2,1.71,1,N,142,100,1,9.5,0,0.5,0,0,0.3,10.3
35388828,2,4/10/2017 18:12,4/10/2017 18:17,2,0.63,1,N,263,262,2,5,1,0.5,0,0,0.3,6.8
18383214,2,3/5/2017 4:01,3/5/2017 4:14,2,2.77,1,N,79,68,1,11.5,0.5,0.5,3.2,0,0.3,16
110690689,1,12/30/2017 23:52,12/30/2017 23:58,1,1.1,1,N,166,238,2,6.5,0.5,0.5,0,0,0.3,7.8
85505540,2,10/11/2017 12:34,10/11/2017 13:22,1,12.3,5,N,138,265,1,68.25,0,0,12,16.26,0.3,96.81
113074702,2,1/6/2017 20:12,1/6/2017 20:18,1,0.52,1,N,90,249,1,5.5,0.5,0.5,1,0,0.3,7.8
54636365,1,6/27/2017 0:08,6/27/2017 0:13,1,1.7,1,N,162,263,1,7,0.5,0.5,2.05,0,0.3,10.35
10565287,1,2/13/2017 10:29,2/13/2017 10:34,1,0.9,1,N,237,237,1,5.5,0,0.5,1.25,0,0.3,7.55
111209513,2,1/14/2017 19:58,1/14/2017 20:05,1,1.72,1,N,43,141,1,8,0.5,0.5,2.79,0,0.3,12.09
93194366,1,11/4/2017 1:27,11/4/2017 1:44,1,2.7,1,N,50,263,1,13,0.5,0.5,2.85,0,0.3,17.15
99525452,2,11/24/2017 10:48,11/24/2017 10:52,1,0.85,1,N,237,161,2,5.5,0,0.5,0,0,0.3,6.3
99074251,1,11/22/2017 10:24,11/22/2017 10:38,1,2.3,1,N,162,113,1,11,0,0.5,2.35,0,0.3,14.15
94052446,2,11/6/2017 20:30,11/7/2017 0:00,1,30.83,1,N,132,23,1,80,0.5,0.5,18.56,11.52,0.3,111.38
67540161,1,8/9/2017 21:01,8/9/2017 21:14,1,2.3,1,N,163,234,1,10.5,0.5,0.5,1.77,0,0.3,13.57
35914864,1,4/12/2017 11:07,4/12/2017 11:19,4,1.5,1,N,239,43,2,9,0,0.5,0,0,0.3,9.8
63600506,2,7/26/2017 23:26,7/26/2017 23:55,1,14.32,1,N,132,149,2,40.5,0.5,0.5,0,0,0.3,41.8
90465096,1,10/26/2017 19:43,10/26/2017 20:06,1,2.9,1,N,230,238,1,15.5,1,0.5,3.45,0,0.3,20.75
18173620,1,3/4/2017 18:19,3/4/2017 18:32,1,1.7,1,N,236,161,1,10.5,0,0.5,1.7,0,0.3,13
93554066,2,11/5/2017 1:35,11/5/2017 1:43,5,2.69,1,N,24,48,2,9.5,0.5,0.5,0,0,0.3,10.8
14770087,1,2/24/2017 11:24,2/24/2017 11:29,1,0.6,1,N,142,142,2,5,0,0.5,0,0,0.3,5.8
14373799,2,2/23/2017 8:04,2/23/2017 8:18,1,2.11,1,N,140,161,1,11.5,0,0.5,2.46,0,0.3,14.76
10421657,1,2/12/2017 18:45,2/12/2017 18:48,4,0.4,1,N,142,143,1,4,0,0.5,0.72,0,0.3,5.52
103916069,2,12/8/2017 12:21,12/8/2017 12:30,1,1.28,1,N,238,166,1,7.5,0,0.5,5,0,0.3,13.3
77743944,2,9/15/2017 19:09,9/15/2017 19:23,3,1.23,1,N,90,79,1,9.5,1,0.5,2.26,0,0.3,13.56
15086430,1,2/25/2017 7:41,2/25/2017 7:50,1,2,1,N,170,113,1,9,0,0.5,1.95,0,0.3,11.75
103823476,2,12/8/2017 7:59,12/8/2017 8:15,1,4.52,1,N,116,239,1,16.5,0,0.5,2,0,0.3,19.3
34535675,2,4/26/2017 11:18,4/26/2017 11:24,2,1.12,1,N,234,211,1,6.5,0,0.5,1.82,0,0.3,9.12
11969477,2,2/15/2017 17:30,2/15/2017 17:35,1,0.59,1,N,249,113,1,5,1,0.5,1.36,0,0.3,8.16
68798000,1,8/14/2017 17:15,8/14/2017 17:25,1,1.5,1,N,239,230,1,8.5,1,0.5,2.55,0,0.3,12.85
74499650,2,9/5/2017 15:10,9/5/2017 15:25,4,1.71,1,N,162,186,2,10.5,0,0.5,0,0,0.3,11.3
3377025,2,1/13/2017 2:37,1/13/2017 3:17,4,8.69,1,N,246,231,1,31.5,0.5,0.5,6.56,0,0.3,39.36
16623511,2,3/11/2017 4:46,3/11/2017 4:57,6,2.69,1,N,79,88,2,11,0.5,0.5,0,0,0.3,12.3
34839590,2,4/27/2017 7:26,4/27/2017 7:28,1,0.42,1,N,234,107,1,3.5,0,0.5,0.86,0,0.3,5.16
59540954,2,7/13/2017 8:23,7/13/2017 8:47,2,7.37,1,N,263,88,2,25.5,0,0.5,0,0,0.3,26.3
27809467,1,4/4/2017 16:22,4/4/2017 16:35,1,2.2,1,N,163,90,2,10.5,1,0.5,0,0,0.3,12.3
1361166,1,1/5/2017 14:56,1/5/2017 15:24,2,2.6,1,N,100,237,2,17.5,0,0.5,0,0,0.3,18.3
25497357,2,3/28/2017 19:10,3/28/2017 19:13,1,0.8,1,N,151,239,1,4.5,1,0.5,1.26,0,0.3,7.56
73498565,1,9/1/2017 9:37,9/1/2017 10:00,1,2.9,1,N,24,48,2,16,0,0.5,0,0,0.3,16.8
69719738,2,8/17/2017 22:06,8/17/2017 22:32,1,11.07,1,N,138,97,1,32.5,0.5,0.5,6.76,0,0.3,40.56
9517173,1,2/10/2017 11:47,2/10/2017 12:09,1,2.7,1,N,238,161,1,15.5,0,0.5,4.05,0,0.3,20.35
19282330,2,3/7/2017 20:19,3/7/2017 20:29,2,2.51,1,N,229,146,1,10,0.5,0.5,3.39,0,0.3,14.69
22352969,2,3/18/2017 12:12,3/18/2017 12:20,1,0.78,1,N,230,50,2,7,0,0.5,0,0,0.3,7.8
17520716,2,3/3/2017 8:02,3/3/2017 8:05,1,0.85,1,N,164,170,1,4.5,0,0.5,1.59,0,0.3,6.89
34663272,2,4/26/2017 18:08,4/26/2017 18:11,5,0.38,1,N,236,236,1,4,1,0.5,1.16,0,0.3,6.96
32842627,2,4/21/2017 15:08,4/21/2017 15:18,1,1.15,1,N,163,100,1,8,0,0.5,1.76,0,0.3,10.56
8467920,2,2/4/2017 18:04,2/4/2017 18:19,1,7.16,1,N,141,243,2,21,0,0.5,0,0,0.3,21.8
83622942,2,10/5/2017 9:39,10/5/2017 9:42,6,0.22,3,N,48,48,2,21.5,0,0,0,0,0.3,21.8
21974063,1,3/17/2017 9:17,3/17/2017 9:21,1,0.7,1,N,237,236,1,5,0,0.5,1.15,0,0.3,6.95
110794327,2,12/31/2017 13:03,12/31/2017 13:06,6,0.71,1,N,161,229,2,4.5,0,0.5,0,0,0.3,5.3
105212199,2,12/12/2017 11:12,12/12/2017 12:01,1,3.1,1,N,186,263,1,28,0,0.5,5.76,0,0.3,34.56
74143232,2,9/3/2017 23:15,9/3/2017 23:31,2,2.96,1,N,161,148,1,13,0.5,0.5,2.86,0,0.3,17.16
105476838,1,12/13/2017 7:06,12/13/2017 7:11,1,0.8,1,N,142,230,1,5.5,0,0.5,1,0,0.3,7.3
65221014,2,8/1/2017 18:09,8/1/2017 18:14,1,0.96,1,N,162,162,2,5.5,1,0.5,0,0,0.3,7.3
85218699,1,10/10/2017 14:40,10/10/2017 14:54,4,1.9,1,N,144,68,2,10.5,0,0.5,0,0,0.3,11.3
66465797,2,8/5/2017 22:28,8/5/2017 22:34,4,0.97,1,N,43,43,2,6.5,0.5,0.5,0,0,0.3,7.8
68455717,2,8/13/2017 3:50,8/13/2017 3:53,2,0.95,1,N,68,246,1,5,0.5,0.5,1,0,0.3,7.3
34401650,2,4/25/2017 22:20,4/25/2017 22:25,4,1.02,1,N,166,24,1,6,0.5,0.5,1.46,0,0.3,8.76
36762559,2,5/1/2017 9:42,5/1/2017 9:47,1,0.78,1,N,13,231,1,5,0,0.5,1,0,0.3,6.8
48053276,2,6/3/2017 18:55,6/3/2017 19:03,6,1.16,1,N,234,230,1,7,0,0.5,1.95,0,0.3,9.75
30892521,1,4/16/2017 2:43,4/16/2017 3:04,3,4.3,1,N,249,255,1,17.5,0.5,0.5,2.22,0,0.3,21.02
15158530,1,2/25/2017 13:04,2/25/2017 13:15,1,1.9,1,N,107,161,1,9.5,0,0.5,2.55,0,0.3,12.85
22166926,2,3/17/2017 22:00,3/17/2017 22:22,2,11.2,1,N,138,180,1,31.5,0.5,0.5,6.56,0,0.3,39.36
2661149,1,1/10/2017 21:06,1/10/2017 21:13,1,2,1,N,246,50,2,8,0.5,0.5,0,0,0.3,9.3
97134848,2,11/16/2017 9:31,11/16/2017 9:43,2,1.02,1,N,48,161,1,8.5,0,0.5,1.86,0,0.3,11.16
90957858,2,10/28/2017 4:16,10/28/2017 4:33,3,5.11,1,N,79,74,1,16.5,0.5,0.5,5.34,0,0.3,23.14
86230381,2,10/13/2017 15:48,10/13/2017 15:56,1,0.96,1,N,249,234,2,6.5,0,0.5,0,0,0.3,7.3
79283387,2,9/20/2017 23:46,9/20/2017 23:54,1,1.9,1,N,249,164,1,8,0.5,0.5,1.86,0,0.3,11.16
64344057,1,7/29/2017 13:27,7/29/2017 13:36,1,1.6,1,N,249,186,1,8,0,0.5,1,0,0.3,9.8
74722231,1,9/6/2017 11:37,9/6/2017 11:40,1,0.4,1,N,140,140,2,4.5,0,0.5,0,0,0.3,5.3
81447972,1,9/28/2017 7:17,9/28/2017 7:21,1,0.9,1,N,237,162,1,5,0,0.5,1,0,0.3,6.8
69751803,2,8/18/2017 1:17,8/18/2017 1:34,1,4.96,1,N,114,257,1,17,0.5,0.5,3.66,0,0.3,21.96
16215929,1,2/28/2017 18:02,2/28/2017 18:13,1,4.9,1,N,87,170,1,16,1,0.5,5.3,0,0.3,23.1
16416397,1,3/10/2017 18:31,3/10/2017 18:58,1,9.6,1,N,234,244,2,30.5,1,0.5,0,0,0.3,32.3
38609090,1,5/6/2017 14:54,5/6/2017 15:19,1,2.9,1,N,79,255,2,17.5,0,0.5,0,0,0.3,18.3
60107150,2,7/15/2017 0:28,7/15/2017 0:37,2,1.62,1,N,125,87,1,8,0.5,0.5,1,0,0.3,10.3
87475909,1,10/17/2017 14:29,10/17/2017 15:00,1,13.8,1,N,138,51,1,39,0,0.5,9.1,5.76,0.3,54.66
10038766,1,2/11/2017 19:09,2/11/2017 19:32,1,1.7,1,N,249,107,1,14.5,0,0.5,1,0,0.3,16.3
53636202,2,6/23/2017 19:53,6/23/2017 20:00,2,0.88,1,N,170,234,1,6.5,1,0.5,0.5,0,0.3,8.8
20414683,2,3/26/2017 20:06,3/26/2017 20:14,1,1.46,1,N,186,233,1,7,0.5,0.5,1.24,0,0.3,9.54
63683638,2,7/27/2017 10:10,7/27/2017 10:23,1,1.66,1,N,163,100,1,10,0,0.5,1.2,0,0.3,12
105056260,2,12/11/2017 20:04,12/11/2017 20:16,1,1.63,1,N,161,234,1,9.5,0.5,0.5,2.16,0,0.3,12.96
97913057,1,11/18/2017 13:04,11/18/2017 13:39,1,10,1,N,230,138,1,34.5,0,0.5,7.05,0,0.3,42.35
22572601,2,3/18/2017 23:41,3/18/2017 23:49,1,1.42,1,N,113,68,2,7,0.5,0.5,0,0,0.3,8.3
11538055,2,2/7/2017 8:56,2/7/2017 9:07,1,0.72,1,N,211,231,1,8,0,0.5,0,0,0.3,8.8
26548374,2,3/31/2017 20:18,3/31/2017 20:50,3,9.67,1,N,138,232,1,31,0.5,0.5,8.08,0,0.3,40.38
44715204,1,5/24/2017 20:46,5/24/2017 21:02,1,2.3,1,N,161,246,1,12.5,0.5,0.5,2.75,0,0.3,16.55
12031574,1,2/15/2017 20:16,2/15/2017 20:39,1,4.7,1,N,256,181,1,18.5,0.5,0.5,3,0,0.3,22.8
81845123,1,9/29/2017 11:38,9/29/2017 12:10,1,3.5,1,N,163,211,2,19.5,0,0.5,0,0,0.3,20.3
69221794,1,8/16/2017 9:30,8/16/2017 9:46,1,2.7,1,N,236,164,2,12.5,0,0.5,0,0,0.3,13.3
50030141,2,6/13/2017 19:17,6/13/2017 19:27,2,1.07,1,N,113,125,2,8,1,0.5,0,0,0.3,9.8
66364969,1,8/5/2017 15:42,8/5/2017 16:00,2,2.3,1,N,50,170,2,13,0,0.5,0,0,0.3,13.8
43025860,2,5/13/2017 20:55,5/13/2017 21:20,1,6.93,1,N,166,158,2,24,0.5,0.5,0,0,0.3,25.3
35466233,2,4/10/2017 22:17,4/10/2017 22:33,6,2.95,1,N,161,236,2,13.5,0.5,0.5,0,0,0.3,14.8
47959795,1,6/3/2017 14:24,6/3/2017 15:31,1,18,2,N,132,163,1,52,0,0.5,0,0,0.3,52.8
97525570,2,11/17/2017 12:01,11/17/2017 12:24,6,6.25,1,N,231,107,1,22.5,0,0.5,4.66,0,0.3,27.96
81692055,1,9/28/2017 21:17,9/28/2017 21:30,1,1.8,1,N,233,163,2,9.5,0.5,0.5,0,0,0.3,10.8
26670402,2,4/1/2017 2:56,4/1/2017 3:00,6,0.63,1,N,255,255,1,4.5,0.5,0.5,1.16,0,0.3,6.96
88901446,1,10/21/2017 19:27,10/21/2017 19:34,2,1.3,1,N,75,74,1,7,0,0.5,0,0,0.3,7.8
110361673,2,12/29/2017 17:22,12/29/2017 17:32,6,3.22,1,N,138,223,1,11.5,1,0.5,3.32,0,0.3,16.62
81142873,2,9/27/2017 9:10,9/27/2017 9:16,2,1.09,1,N,74,41,1,6.5,0,0.5,1,0,0.3,8.3
58371316,2,7/9/2017 2:27,7/9/2017 2:35,1,0.79,1,N,100,164,2,7,0.5,0.5,0,0,0.3,8.3
86756559,1,10/15/2017 1:04,10/15/2017 1:09,1,1.1,1,N,158,125,1,5.5,0.5,0.5,1.35,0,0.3,8.15
53595206,2,6/23/2017 17:55,6/23/2017 18:29,1,2.73,1,N,237,246,1,20.5,1,0.5,4.46,0,0.3,26.76
46828622,1,6/9/2017 23:53,6/10/2017 0:02,1,1.9,1,N,236,74,2,9,0.5,0.5,0,0,0.3,10.3
18128086,2,3/4/2017 16:40,3/4/2017 16:56,5,2.85,1,N,164,236,1,12.5,0,0.5,1,0,0.3,14.3
75569108,2,9/8/2017 21:45,9/8/2017 22:02,1,1.8,1,N,230,137,2,11.5,0.5,0.5,0,0,0.3,12.8
28844177,2,4/7/2017 13:53,4/7/2017 13:59,2,0.83,1,N,230,163,1,6,0,0.5,0.7,0,0.3,7.5
108611319,1,12/22/2017 11:49,12/22/2017 12:21,1,4.2,1,N,262,186,1,22,0,0.5,4.56,0,0.3,27.36
107412684,1,12/18/2017 19:21,12/18/2017 19:37,1,1.6,1,N,186,233,2,11,1,0.5,0,0,0.3,12.8
103389639,1,12/6/2017 22:49,12/6/2017 22:53,1,0.5,1,N,161,230,1,4.5,0.5,0.5,2,0,0.3,7.8
40519150,2,5/19/2017 8:05,5/19/2017 8:20,1,1.71,1,N,229,263,1,10.5,0,0.5,2.26,0,0.3,13.56
52987734,1,6/22/2017 8:05,6/22/2017 8:05,1,0,3,N,231,231,2,20,0,0,0,0,0.3,20.3
51203824,2,6/17/2017 0:21,6/17/2017 0:26,1,1.06,1,N,68,113,2,5.5,0.5,0.5,0,0,0.3,6.8
22567251,1,3/18/2017 23:23,3/18/2017 23:43,2,4.1,1,N,48,232,1,17.5,0.5,0.5,3.75,0,0.3,22.55
105298274,2,12/12/2017 16:50,12/12/2017 16:56,1,1.08,1,N,142,238,1,6,1,0.5,1.17,0,0.3,8.97
99589612,1,11/24/2017 15:17,11/24/2017 15:33,1,2.6,1,N,148,170,2,13,0,0.5,0,0,0.3,13.8
110346534,2,12/29/2017 16:04,12/29/2017 16:10,1,0.91,1,N,43,43,2,6,1,0.5,0,0,0.3,7.8
61164590,2,7/18/2017 19:11,7/18/2017 19:23,1,0.95,1,N,68,161,1,8.5,1,0.5,2,0,0.3,12.3
90236,2,1/8/2017 2:59,1/8/2017 3:04,1,1.71,1,N,263,74,1,6.5,0.5,0.5,1,0,0.3,8.8
58377330,2,7/9/2017 3:01,7/9/2017 3:11,1,2.62,1,N,211,68,2,10,0.5,0.5,0,0,0.3,11.3
72458348,1,8/28/2017 11:51,8/28/2017 12:20,1,9,1,N,132,265,2,28,0,0.5,0,0,0.3,28.8
60784846,2,7/17/2017 14:20,7/17/2017 14:24,1,0.67,1,N,236,236,1,4.5,0,0.5,1.06,0,0.3,6.36
69418623,1,8/16/2017 21:37,8/16/2017 21:42,2,1.1,1,N,50,239,1,6,0.5,0.5,1.45,0,0.3,8.75
105605623,2,12/13/2017 14:05,12/13/2017 14:20,2,2.14,1,N,236,142,2,11.5,0,0.5,0,0,0.3,12.3
87700308,1,10/18/2017 7:42,10/18/2017 7:49,1,1.4,1,N,144,107,1,6.5,0,0.5,1.45,0,0.3,8.75
109647816,1,12/26/2017 23:33,12/26/2017 23:38,1,1,1,N,148,113,2,5.5,0.5,0.5,0,0,0.3,6.8
21522772,2,3/15/2017 21:17,3/15/2017 21:23,1,1.84,1,N,43,236,2,7.5,0.5,0.5,0,0,0.3,8.8
105225388,2,12/12/2017 12:32,12/12/2017 12:35,1,0.55,1,N,237,237,1,4,0,0.5,1.2,0,0.3,6
28327177,1,4/6/2017 2:45,4/6/2017 2:47,1,0.3,1,N,170,170,2,3.5,0.5,0.5,0,0,0.3,4.8
30302498,2,4/14/2017 12:49,4/14/2017 12:58,1,1.39,1,N,262,140,1,8,0,0.5,2.2,0,0.3,11
17546084,1,3/3/2017 9:18,3/3/2017 9:34,1,1.5,1,N,50,161,3,11,0,0.5,0,0,0.3,11.8
7881499,1,2/3/2017 6:24,2/3/2017 6:30,1,1.1,1,N,186,186,3,6,0,0.5,0,0,0.3,6.8
21421694,1,3/15/2017 15:42,3/15/2017 15:46,1,0.5,1,N,236,263,1,4.5,0,0.5,1.05,0,0.3,6.35
40625329,2,5/19/2017 14:10,5/19/2017 14:28,1,1.57,1,N,234,170,1,12.5,0,0.5,2.66,0,0.3,15.96
77799198,2,9/15/2017 22:13,9/15/2017 22:15,2,1.03,1,N,239,142,1,5,0.5,0.5,1.26,0,0.3,7.56
31264725,2,4/17/2017 12:03,4/17/2017 12:40,5,11.51,1,N,161,138,2,39.5,0,0.5,0,5.76,0.3,46.06
73696467,2,9/1/2017 23:10,9/1/2017 23:14,2,0.65,1,N,144,211,2,5,0.5,0.5,0,0,0.3,6.3
100891894,1,11/29/2017 11:13,11/29/2017 11:47,1,2.8,1,N,238,162,1,20.5,0,0.5,3.2,0,0.3,24.5
2192249,2,1/22/2017 0:35,1/22/2017 1:05,2,6.14,1,N,234,17,1,24.5,0.5,0.5,0,0,0.3,25.8
104881101,1,12/11/2017 10:21,12/11/2017 11:14,1,15.6,1,N,138,88,1,51.5,0,0.5,11.6,5.76,0.3,69.66
89734054,1,10/24/2017 15:21,10/24/2017 15:39,1,1.5,1,N,164,249,1,12.5,0,0.5,3.95,0,0.3,17.25
102736483,1,12/4/2017 23:16,12/4/2017 23:37,1,7,1,N,68,42,1,23,0.5,0.5,3,0,0.3,27.3
33008628,1,4/21/2017 23:15,4/21/2017 23:27,1,2.6,1,N,263,142,1,11,0.5,0.5,3,0,0.3,15.3
36249376,1,4/29/2017 13:29,4/29/2017 13:48,1,3.1,1,N,236,107,1,15,0,0.5,1,0,0.3,16.8
95729204,2,11/11/2017 20:16,11/11/2017 20:17,1,0.23,2,N,132,132,2,52,0,0.5,0,0,0.3,52.8
36112655,1,4/12/2017 20:13,4/12/2017 20:30,1,2.1,1,N,234,237,1,12,0.5,0.5,2.65,0,0.3,15.95
71210511,2,8/23/2017 15:26,8/23/2017 15:42,2,1.97,1,N,230,234,2,12,0,0.5,0,0,0.3,12.8
55595577,2,6/7/2017 7:55,6/7/2017 8:10,1,4.67,1,N,87,233,1,17,0,0.5,3.56,0,0.3,21.36
24037637,2,3/22/2017 22:55,3/22/2017 23:18,1,4.31,1,N,79,263,1,17.5,0.5,0.5,3.76,0,0.3,22.56
55835685,2,6/8/2017 19:27,6/8/2017 19:34,1,0.84,1,N,158,114,2,6.5,1,0.5,0,0,0.3,8.3
83555638,2,10/5/2017 0:02,10/5/2017 0:13,2,2.34,1,N,234,148,1,10.5,0.5,0.5,2.36,0,0.3,14.16
51921812,2,6/19/2017 1:03,6/19/2017 1:07,2,1.04,1,N,79,137,2,5,0.5,0.5,0,0,0.3,6.3
30653079,2,4/15/2017 12:08,4/15/2017 12:27,6,2.84,1,N,239,90,1,14,0,0.5,2.96,0,0.3,17.76
46716747,1,5/31/2017 20:58,5/31/2017 21:02,2,0.3,1,N,237,237,2,4.5,0.5,0.5,0,0,0.3,5.8
60365918,1,7/15/2017 22:34,7/15/2017 23:02,1,3.9,1,N,230,158,1,19,0.5,0.5,0,0,0.3,20.3
10366590,2,2/12/2017 15:37,2/12/2017 16:03,1,5.27,1,N,234,151,2,22,0,0.5,0,0,0.3,22.8
32275680,1,4/20/2017 7:13,4/20/2017 7:29,1,3.3,1,N,100,236,1,13.5,0,0.5,2.85,0,0.3,17.15
53109134,1,6/22/2017 14:22,6/22/2017 16:07,1,16.9,1,N,230,219,2,71.5,0,0.5,0,0,0.3,72.3
69354084,1,8/16/2017 18:31,8/16/2017 18:37,1,1.4,1,N,186,50,1,6.5,1,0.5,1.65,0,0.3,9.95
50046493,2,6/13/2017 20:05,6/13/2017 20:42,1,18.05,3,N,163,1,2,69.5,0.5,0,0,10.5,0.3,80.8
50025355,2,6/13/2017 19:04,6/13/2017 19:09,3,0.47,1,N,161,161,1,5,1,0.5,1.36,0,0.3,8.16
58203678,2,7/8/2017 14:42,7/8/2017 15:00,3,2.3,1,N,142,186,1,13,0,0.5,2.76,0,0.3,16.56
109812389,2,12/27/2017 17:40,12/27/2017 18:01,1,8.32,1,N,138,116,1,25.5,1,0.5,5,5.76,0.3,38.06
8149506,2,2/3/2017 20:40,2/3/2017 20:44,2,0.95,1,N,161,237,1,5.5,0.5,0.5,1.02,0,0.3,7.82
1731352,2,1/20/2017 19:57,1/20/2017 20:05,1,0.66,1,N,100,186,1,6.5,0.5,0.5,1,0,0.3,8.8
49136402,1,6/7/2017 22:52,6/7/2017 23:07,1,3.8,1,N,186,13,1,14.5,0.5,0.5,3.15,0,0.3,18.95
36994607,1,5/1/2017 22:09,5/1/2017 22:22,1,2.4,1,N,239,262,1,11,0.5,0.5,3.05,0,0.3,15.35
43435021,2,5/15/2017 8:22,5/15/2017 8:57,2,4.24,1,N,43,186,1,22.5,0,0.5,4.66,0,0.3,27.96
94141215,2,11/7/2017 7:38,11/7/2017 7:50,1,1.77,1,N,239,24,2,9.5,0,0.5,0,0,0.3,10.3
92139496,1,10/31/2017 22:24,10/31/2017 22:46,1,2.4,1,N,79,186,1,15,0.5,0.5,3.25,0,0.3,19.55
102628877,1,12/4/2017 17:39,12/4/2017 17:56,1,2.5,1,N,114,246,2,12.5,1,0.5,0,0,0.3,14.3
70629213,1,8/21/2017 12:40,8/21/2017 13:12,3,15.2,1,N,264,264,1,42.5,0,0.5,5,0,0.3,48.3
46127698,1,5/29/2017 21:48,5/29/2017 21:57,2,2.5,1,N,234,231,1,9.5,0.5,0.5,1.5,0,0.3,12.3
75002196,2,9/7/2017 8:10,9/7/2017 8:15,1,0.99,1,N,79,249,1,6,0,0.5,3,0,0.3,9.8
83762805,1,10/5/2017 18:49,10/5/2017 19:01,2,2.2,1,N,50,239,1,10.5,1,0.5,1.6,0,0.3,13.9
77753688,1,9/15/2017 19:17,9/15/2017 19:54,2,3.3,1,N,229,68,1,22,1,0.5,4.75,0,0.3,28.55
30683765,2,4/15/2017 13:56,4/15/2017 14:03,1,1.13,1,N,239,142,2,7,0,0.5,0,0,0.3,7.8
18619229,2,3/5/2017 19:53,3/5/2017 19:55,1,0.43,1,N,249,158,1,4,0,0.5,0.96,0,0.3,5.76
80873525,2,9/26/2017 11:56,9/26/2017 12:01,1,1.72,1,N,28,95,2,7.5,0,0.5,0,0,0.3,8.3
4925500,1,1/25/2017 18:33,1/25/2017 18:55,1,3.2,1,N,162,239,1,16,1,0.5,2,0,0.3,19.8
68488132,2,8/13/2017 10:01,8/13/2017 10:22,6,10.01,1,N,237,138,1,29,0,0.5,8.89,5.76,0.3,44.45
35665572,1,4/11/2017 16:13,4/11/2017 16:18,1,0.8,1,N,151,238,1,6,1,0.5,2.3,0,0.3,10.1
4586103,2,1/24/2017 18:03,1/24/2017 18:09,1,1.35,1,N,231,249,1,6,1,0.5,1,0,0.3,8.8
15252115,2,2/25/2017 18:11,2/25/2017 18:45,5,3.85,1,N,161,148,2,21.5,0,0.5,0,0,0.3,22.3
97717163,2,11/17/2017 22:09,11/17/2017 22:29,5,1.6,1,N,234,100,2,12.5,0.5,0.5,0,0,0.3,13.8
10679801,1,2/13/2017 16:25,2/13/2017 16:55,1,4.2,1,N,140,166,2,21,1,0.5,0,0,0.3,22.8
45904750,1,5/28/2017 21:33,5/28/2017 21:41,1,2.1,1,N,24,142,1,8.5,0.5,0.5,1.25,0,0.3,11.05
61756426,2,7/20/2017 17:31,7/20/2017 17:52,1,0.78,1,N,161,163,1,13,1,0.5,2.96,0,0.3,17.76
57809978,2,7/7/2017 5:23,7/7/2017 5:26,5,0.74,1,N,237,140,1,4.5,0.5,0.5,1.16,0,0.3,6.96
101385456,2,11/30/2017 21:06,11/30/2017 21:14,4,0.99,1,N,230,164,1,7,0.5,0.5,1,0,0.3,9.3
66374070,1,8/5/2017 15:32,8/5/2017 15:39,1,1.3,1,N,48,239,2,7,0,0.5,0,0,0.3,7.8
97847836,2,11/18/2017 10:33,11/18/2017 10:45,6,2.21,1,N,186,211,1,10.5,0,0.5,1.7,0,0.3,13
5585683,1,1/27/2017 14:58,1/27/2017 15:15,3,1.9,1,N,113,231,1,12.5,0,0.5,2,0,0.3,15.3
53780951,2,6/24/2017 7:02,6/24/2017 7:09,1,1.32,1,N,48,164,1,7,0,0.5,1.1,0,0.3,8.9
97687887,1,11/17/2017 20:45,11/17/2017 20:54,2,0.5,1,N,186,100,2,7,0.5,0.5,0,0,0.3,8.3
64353574,2,7/29/2017 13:22,7/29/2017 13:49,1,4.93,1,N,114,236,1,20,0,0.5,2,0,0.3,22.8
99005326,1,11/22/2017 1:15,11/22/2017 1:23,1,1.4,1,N,125,231,1,7.5,0.5,0.5,1.75,0,0.3,10.55
55997232,2,6/9/2017 16:47,6/9/2017 17:14,1,2.52,1,N,236,161,1,18,1,0.5,3.96,0,0.3,23.76
35730524,2,4/11/2017 19:35,4/11/2017 19:51,1,2.69,1,N,142,164,2,12,1,0.5,0,0,0.3,13.8
8807999,2,2/5/2017 17:46,2/5/2017 17:57,1,1.5,1,N,170,113,1,8.5,0,0.5,1,0,0.3,10.3
85776361,2,10/12/2017 8:42,10/12/2017 8:57,1,1.36,1,N,140,237,1,10.5,0,0.5,2.26,0,0.3,13.56
42385863,2,5/12/2017 8:52,5/12/2017 9:09,1,1.52,1,N,164,163,1,11.5,0,0.5,2.46,0,0.3,14.76
99292612,1,11/23/2017 0:31,11/23/2017 0:45,1,4.5,1,N,48,41,2,14.5,0.5,0.5,0,0,0.3,15.8
95620783,2,11/11/2017 13:39,11/11/2017 14:53,1,13.61,1,N,132,181,1,55,0,0.5,11.16,0,0.3,66.96
68737038,1,8/14/2017 12:26,8/14/2017 12:49,3,4.5,1,N,48,13,2,19,0,0.5,0,0,0.3,19.8
21011777,1,3/13/2017 15:40,3/13/2017 15:48,1,1.1,1,N,186,68,1,7.5,0,0.5,1.65,0,0.3,9.95
60404871,2,7/16/2017 1:33,7/16/2017 1:38,1,1.29,1,N,163,164,1,6,0.5,0.5,1.46,0,0.3,8.76
73644576,2,9/1/2017 19:03,9/1/2017 19:11,2,1.54,1,N,186,163,2,7.5,1,0.5,0,0,0.3,9.3
40020953,1,5/17/2017 21:16,5/17/2017 21:22,2,1.3,1,N,249,246,2,6.5,0.5,0.5,0,0,0.3,7.8
93428133,1,11/4/2017 19:29,11/4/2017 19:37,1,1,1,N,164,113,1,7,0,0.5,1.55,0,0.3,9.35
77252083,1,9/14/2017 10:57,9/14/2017 11:08,1,1.3,1,N,237,142,1,9,0,0.5,1.95,0,0.3,11.75
42880449,1,5/13/2017 14:01,5/13/2017 14:05,1,0.7,1,N,234,170,1,5,0,0.5,0,0,0.3,5.8
83746492,1,10/5/2017 17:05,10/5/2017 17:13,2,1.1,1,N,246,230,1,7,1,0.5,2,0,0.3,10.8
85346238,2,10/10/2017 20:17,10/10/2017 20:24,1,1.24,1,N,48,246,1,6.5,0.5,0.5,1.56,0,0.3,9.36
23471727,2,3/21/2017 11:24,3/21/2017 11:49,1,8.18,1,N,87,75,1,26,0,0.5,5.36,0,0.3,32.16
17894773,2,3/4/2017 1:13,3/4/2017 1:25,1,1.7,1,N,114,13,1,9.5,0.5,0.5,1,0,0.3,11.8
103523373,2,12/7/2017 10:30,12/7/2017 10:40,1,1.36,1,N,68,158,1,8,0,0.5,1.76,0,0.3,10.56
9218026,2,2/9/2017 8:26,2/9/2017 8:43,1,2.19,1,N,161,107,2,12,0,0.5,0,0,0.3,12.8
98579619,2,11/20/2017 17:03,11/20/2017 17:13,1,1.25,1,N,142,237,1,8,1,0.5,1.96,0,0.3,11.76
72512970,2,8/28/2017 15:04,8/28/2017 15:19,1,1.42,1,N,161,50,1,10.5,0,0.5,2.82,0,0.3,14.12
63894436,2,7/27/2017 22:53,7/27/2017 22:56,1,0.45,1,N,237,161,2,4,0.5,0.5,0,0,0.3,5.3
98169947,1,11/19/2017 8:25,11/19/2017 8:36,1,6.7,1,N,138,121,2,20,0,0.5,0,0,0.3,20.8
108077328,1,12/20/2017 19:15,12/20/2017 19:25,1,2.3,1,N,50,238,1,10,1,0.5,2.3,0,0.3,14.1
82727537,2,10/2/2017 10:17,10/2/2017 10:25,1,1.15,1,N,186,50,1,7,0,0.5,1.56,0,0.3,9.36
59581492,2,7/13/2017 11:17,7/13/2017 11:23,2,0.68,1,N,158,249,2,5.5,0,0.5,0,0,0.3,6.3
67332929,2,8/9/2017 8:32,8/9/2017 9:31,1,15.89,1,N,138,87,1,53,0,0.5,10,5.76,0.3,69.56
80435538,2,9/24/2017 19:44,9/24/2017 20:10,4,5.04,1,N,13,230,2,21,0,0.5,0,0,0.3,21.8
16208806,2,2/28/2017 17:40,2/28/2017 17:55,1,1.46,1,N,237,164,1,10.5,1,0.5,3.69,0,0.3,15.99
1696801,1,1/20/2017 18:21,1/20/2017 18:34,1,1,1,N,181,97,2,9,1,0.5,0,0,0.3,10.8
78660848,1,9/18/2017 20:50,9/18/2017 20:51,1,0,1,N,145,145,2,2.5,0.5,0.5,0,0,0.3,3.8
103404868,2,12/6/2017 23:37,12/7/2017 0:06,1,18.93,2,N,132,79,2,52,0,0.5,0,0,0.3,52.8
45403213,1,5/26/2017 22:34,5/26/2017 22:39,2,0.6,1,N,144,211,2,5,0.5,0.5,0,0,0.3,6.3
96441112,2,11/14/2017 7:32,11/14/2017 8:22,1,15.48,1,N,138,88,1,45,0,0.5,8,5.76,0.3,59.56
112643753,1,1/19/2017 0:03,1/19/2017 0:09,1,1.1,1,N,230,234,2,6,0.5,0.5,0,0,0.3,7.3
5414095,1,1/27/2017 1:37,1/27/2017 1:52,1,3.8,1,N,148,225,2,15,0.5,0.5,0,0,0.3,16.3
31150737,2,4/16/2017 23:08,4/16/2017 23:24,1,6.02,1,N,229,168,2,19.5,0.5,0.5,0,0,0.3,20.8
18431349,1,3/5/2017 10:04,3/5/2017 10:13,1,1.8,1,N,186,50,2,8.5,0,0.5,0,0,0.3,9.3
21230173,2,3/14/2017 17:21,3/14/2017 17:26,1,1.74,1,N,262,74,1,7,1,0.5,1.76,0,0.3,10.56
11984378,1,2/15/2017 18:11,2/15/2017 18:15,1,0.2,1,N,162,229,2,4.5,1,0.5,0,0,0.3,6.3
36248435,2,4/29/2017 13:26,4/29/2017 13:37,1,2.06,1,N,24,75,1,10,0,0.5,2.16,0,0.3,12.96
908811,1,1/4/2017 7:34,1/4/2017 7:45,1,1.2,1,N,162,141,2,8,0,0.5,0,0,0.3,8.8
99370151,2,11/23/2017 13:53,11/23/2017 14:03,1,0.51,1,N,158,114,1,7.5,0,0.5,0,0,0.3,8.3
4650405,2,1/24/2017 21:08,1/24/2017 21:16,1,1.65,1,N,161,137,1,8,0.5,0.5,0,0,0.3,9.3
100659749,1,11/28/2017 16:05,11/28/2017 16:08,1,0.6,1,N,48,68,2,4,1,0.5,0,0,0.3,5.8
70511097,2,8/20/2017 21:14,8/20/2017 21:21,5,1.12,1,N,249,211,2,7,0.5,0.5,0,0,0.3,8.3
91628851,1,10/30/2017 9:50,10/30/2017 10:32,3,3.7,1,N,238,186,2,25.5,0,0.5,0,0,0.3,26.3
66539094,2,8/6/2017 4:23,8/6/2017 4:33,1,1.52,1,N,42,152,2,8.5,0.5,0.5,0,0,0.3,9.8
43937108,2,5/20/2017 19:43,5/20/2017 19:51,1,1.36,1,N,142,238,1,7.5,0,0.5,1.66,0,0.3,9.96
68365099,1,8/12/2017 19:23,8/12/2017 19:52,1,5,1,N,65,230,2,21,0,0.5,0,0,0.3,21.8
61995445,2,7/21/2017 11:25,7/21/2017 11:30,1,0.76,1,N,100,230,2,5.5,0,0.5,0,0,0.3,6.3
12583897,2,2/17/2017 10:59,2/17/2017 11:11,1,2.15,1,N,263,229,1,10,0,0.5,2.16,0,0.3,12.96
19559304,2,3/8/2017 16:00,3/8/2017 16:07,1,0.67,1,N,170,186,1,6,1,0.5,1,0,0.3,8.8
82971932,1,10/3/2017 7:47,10/3/2017 8:09,2,1.7,1,N,161,234,2,14,0,0.5,0,0,0.3,14.8
74025814,1,9/3/2017 13:52,9/3/2017 14:09,2,5.2,1,N,223,93,3,18.5,0,0.5,0,0,0.3,19.3
44474468,2,5/24/2017 6:58,5/24/2017 7:02,1,0.48,1,N,75,75,2,4,0,0.5,0,0,0.3,4.8
19343693,1,3/7/2017 23:51,3/7/2017 23:57,1,2.1,1,N,264,264,1,8,0.5,0.5,1.85,0,0.3,11.15
65108640,2,8/1/2017 11:23,8/1/2017 11:47,1,2.16,1,N,162,234,1,15.5,0,0.5,3.26,0,0.3,19.56
23558531,1,3/21/2017 16:37,3/21/2017 16:47,1,1.4,1,N,114,90,1,8,1,0.5,1,0,0.3,10.8
32548252,2,4/28/2017 21:06,4/28/2017 21:28,1,4.33,1,N,162,74,1,18,0.5,0.5,5.79,0,0.3,25.09
2335254,2,1/9/2017 19:56,1/9/2017 20:28,1,16.48,1,N,132,256,1,45.5,1,0.5,9.46,0,0.3,56.76
107267738,1,12/18/2017 10:09,12/18/2017 10:34,1,4.9,1,N,170,87,1,21.5,0,0.5,4.45,0,0.3,26.75
17867190,2,3/3/2017 23:48,3/4/2017 0:01,1,2.81,1,N,170,236,1,12,0.5,0.5,2,0,0.3,15.3
10786171,1,2/13/2017 21:13,2/13/2017 21:25,1,2.4,1,N,263,48,1,11,0.5,0.5,0,0,0.3,12.3
51426675,1,6/17/2017 17:50,6/17/2017 17:52,2,0.6,1,N,141,141,1,4,0,0.5,1.4,0,0.3,6.2
15480005,2,2/26/2017 10:04,2/26/2017 10:08,1,1.01,1,N,148,107,2,5.5,0,0.5,0,0,0.3,6.3
91558148,2,10/29/2017 23:07,10/29/2017 23:26,1,6,1,N,48,116,1,19.5,0.5,0.5,3,0,0.3,23.8
113080439,2,1/6/2017 20:29,1/6/2017 20:34,1,0.61,1,N,107,137,1,5,0.5,0.5,1.26,0,0.3,7.56
30547852,2,4/15/2017 0:40,4/15/2017 0:55,4,2,1,N,234,148,1,11,0.5,0.5,2,0,0.3,14.3
78596740,2,9/18/2017 15:09,9/18/2017 15:19,6,1.89,1,N,107,232,2,9,0,0.5,0,0,0.3,9.8
105767060,2,12/13/2017 22:31,12/13/2017 22:47,3,2.24,1,N,163,68,1,12.5,0.5,0.5,2,0,0.3,15.8
65418213,1,8/2/2017 12:33,8/2/2017 12:50,1,1.9,1,N,230,234,1,12,0,0.5,3.2,0,0.3,16
74125466,2,9/3/2017 21:12,9/3/2017 21:20,1,1.16,1,N,164,161,2,7.5,0.5,0.5,0,0,0.3,8.8
86332466,1,10/13/2017 20:06,10/13/2017 20:13,1,0.5,1,N,137,170,4,5.5,0.5,0.5,0,0,0.3,6.8
99606914,1,11/24/2017 17:26,11/24/2017 17:51,1,2.6,1,N,161,144,2,17,1,0.5,0,0,0.3,18.8
83480088,1,10/4/2017 19:46,10/4/2017 19:46,1,0,1,N,132,132,2,2.5,1,0.5,0,0,0.3,4.3
83051810,2,10/3/2017 13:29,10/3/2017 13:37,1,1.21,1,N,163,237,1,7,0,0.5,1.56,0,0.3,9.36
44593620,1,5/24/2017 14:00,5/24/2017 14:18,2,4.4,1,N,137,231,1,18,0,0.5,3.38,0,0.3,22.18
28216074,2,4/5/2017 19:39,4/5/2017 19:44,1,0.54,1,N,161,229,1,4.5,1,0.5,1,0,0.3,7.3
74883372,2,9/6/2017 19:59,9/6/2017 20:21,5,7.32,1,N,237,88,1,24,0.5,0.5,5.06,0,0.3,30.36
78242984,1,9/17/2017 8:13,9/17/2017 8:19,1,1.4,1,N,48,164,2,6.5,0,0.5,0,0,0.3,7.3
65050769,2,8/1/2017 7:47,8/1/2017 8:03,1,2.81,1,N,249,161,1,12.5,0,0.5,2.66,0,0.3,15.96
107152846,2,12/17/2017 20:29,12/17/2017 20:35,2,0.92,1,N,79,68,1,6,0.5,0.5,1.46,0,0.3,8.76
2478213,1,1/10/2017 10:12,1/10/2017 10:28,1,1.9,1,N,229,43,1,12,0,0.5,2.55,0,0.3,15.35
58127070,2,7/8/2017 6:08,7/8/2017 6:11,1,0.62,1,N,4,4,2,4.5,0,0.5,0,0,0.3,5.3
70822,1,1/19/2017 19:48,1/19/2017 19:57,1,2.1,1,N,151,142,2,8.5,1,0.5,0,0,0.3,10.3
7909699,2,2/3/2017 8:14,2/3/2017 8:15,1,0.24,1,N,236,236,1,3.5,0,0.5,0.86,0,0.3,5.16
34288229,2,4/25/2017 17:40,4/25/2017 18:01,1,1.39,1,N,143,163,1,13,1,0.5,3.7,0,0.3,18.5
112088891,1,1/5/2017 16:25,1/5/2017 16:55,1,3.5,1,N,114,141,1,19.5,1,0.5,2,0,0.3,23.3
55099978,2,6/30/2017 20:10,6/30/2017 20:18,1,0.84,1,N,113,79,1,7,0.5,0.5,2.08,0,0.3,10.38
51408573,2,6/17/2017 16:39,6/17/2017 16:53,5,2.68,1,N,17,37,1,11.5,0,0.5,2.46,0,0.3,14.76
25325395,2,3/28/2017 9:57,3/28/2017 10:26,2,10.91,1,N,138,182,1,32.5,0,0.5,7.81,5.76,0.3,46.87
29247776,1,4/8/2017 14:59,4/8/2017 15:37,1,4.5,1,N,161,88,2,23.5,0,0.5,0,0,0.3,24.3
53255660,1,6/22/2017 21:20,6/22/2017 21:31,1,1.4,1,N,162,170,1,8.5,0.5,0.5,1.95,0,0.3,11.75
85738384,1,10/12/2017 5:36,10/12/2017 5:44,1,2,1,N,170,113,1,8.5,0.5,0.5,1.95,0,0.3,11.75
35259871,1,4/10/2017 9:46,4/10/2017 9:47,1,0.4,1,N,246,246,2,3.5,0,0.5,0,0,0.3,4.3
47927948,2,6/3/2017 12:46,6/3/2017 12:52,1,0.6,1,N,186,68,1,5.5,0,0.5,1.26,0,0.3,7.56
25320800,1,3/28/2017 9:40,3/28/2017 9:48,1,0.9,1,N,238,239,2,7,0,0.5,0,0,0.3,7.8
105454287,2,12/13/2017 2:02,12/13/2017 2:03,6,0.12,1,N,161,161,3,-2.5,-0.5,-0.5,0,0,-0.3,-3.8
1154387,2,1/4/2017 22:16,1/4/2017 22:25,1,1.22,1,N,48,162,2,7.5,0.5,0.5,0,0,0.3,8.8
61694138,2,7/20/2017 13:21,7/20/2017 14:21,1,17.86,3,N,170,1,1,78,0,0,0,16.5,0.3,94.8
29265145,1,4/8/2017 15:57,4/8/2017 16:11,3,1.7,1,N,48,142,1,10,0,0.5,2.7,0,0.3,13.5
13362227,2,2/19/2017 17:42,2/19/2017 17:51,3,0.7,1,N,230,162,2,7,0,0.5,0,0,0.3,7.8
14024301,1,2/22/2017 4:01,2/22/2017 4:01,1,0,1,N,90,90,3,2.5,0.5,0.5,0,0,0.3,3.8
30717696,2,4/15/2017 16:05,4/15/2017 16:19,1,1.42,1,N,162,237,1,10,0,0.5,1,0,0.3,11.8
79748125,1,9/22/2017 17:23,9/22/2017 17:28,1,0.9,1,N,238,24,1,6,1,0.5,1.2,0,0.3,9
13522957,2,2/20/2017 10:55,2/20/2017 11:24,1,8.8,1,N,161,181,2,29,0,0.5,0,0,0.3,29.8
111191930,2,1/14/2017 19:04,1/14/2017 19:05,2,0.02,1,N,106,106,2,2.5,0,0.5,0,0,0.3,3.3
109742827,2,12/27/2017 12:40,12/27/2017 12:56,6,1.28,1,N,186,230,2,11,0,0.5,0,0,0.3,11.8
32334816,1,4/20/2017 10:15,4/20/2017 10:23,1,0.4,1,N,236,236,1,6,0,0.5,0.34,0,0.3,7.14
32564881,2,4/20/2017 21:29,4/20/2017 21:33,1,0.79,1,N,107,107,2,5,0.5,0.5,0,0,0.3,6.3
70254362,2,8/19/2017 21:35,8/19/2017 21:45,1,1.7,1,N,234,144,1,8.5,0.5,0.5,1.96,0,0.3,11.76
72377277,2,8/27/2017 22:13,8/27/2017 22:23,1,2.19,1,N,239,48,1,10,0.5,0.5,2.82,0,0.3,14.12
26863950,1,4/1/2017 17:45,4/1/2017 17:54,1,0.9,1,N,230,162,2,7,0,0.5,0,0,0.3,7.8
53029531,2,6/22/2017 10:34,6/22/2017 10:47,1,1,1,N,113,234,1,9,0,0.5,1.96,0,0.3,11.76
12984073,1,2/18/2017 14:34,2/18/2017 14:48,1,2.5,1,N,246,249,1,12.5,0,0.5,3.95,0,0.3,17.25
104395154,2,12/9/2017 17:07,12/9/2017 17:28,1,3.42,1,N,79,141,1,15.5,0,0.5,3.26,0,0.3,19.56
52372907,1,6/20/2017 13:33,6/20/2017 13:49,1,1.7,1,N,186,234,2,11.5,0,0.5,0,0,0.3,12.3
47810144,2,6/3/2017 2:28,6/3/2017 2:42,1,2.42,1,N,148,90,1,11.5,0.5,0.5,1,0,0.3,13.8
7198089,2,2/1/2017 7:28,2/1/2017 7:36,1,2.89,1,N,262,137,2,10.5,0,0.5,0,0,0.3,11.3
97653265,2,11/17/2017 19:01,11/17/2017 19:05,1,0.64,1,N,236,236,1,4.5,1,0.5,1.26,0,0.3,7.56
111390998,1,1/15/2017 11:45,1/15/2017 11:56,1,2,1,N,238,263,1,10,0,0.5,2.15,0,0.3,12.95
100712230,2,11/28/2017 19:07,11/28/2017 19:21,5,1.97,1,N,233,140,1,10.5,1,0.5,3.08,0,0.3,15.38
79546198,2,9/21/2017 22:10,9/21/2017 22:14,1,1.03,1,N,255,112,2,5.5,0.5,0.5,0,0,0.3,6.8
661848,2,1/3/2017 9:24,1/3/2017 9:38,1,1.77,1,N,107,144,1,10,0,0.5,1,0,0.3,11.8
1684732,1,1/20/2017 17:48,1/20/2017 18:27,1,8.6,1,N,138,236,1,31,1,0.5,7.65,5.54,0.3,45.99
21295462,1,3/15/2017 6:53,3/15/2017 6:59,1,1,1,N,230,161,1,6.5,0,0.5,1.45,0,0.3,8.75
31844506,1,4/18/2017 22:30,4/18/2017 22:32,1,0.9,1,N,75,74,1,4.5,0.5,0.5,0,0,0.3,5.8
15595446,2,2/26/2017 16:41,2/26/2017 17:21,1,13.31,1,N,138,61,1,41,0,0.5,5,0,0.3,46.8
22124290,2,3/17/2017 20:02,3/17/2017 20:36,5,5.29,1,N,107,238,1,23.5,0.5,0.5,4.96,0,0.3,29.76
30085867,1,4/13/2017 20:27,4/13/2017 20:38,1,1.5,1,N,161,234,1,8.5,0.5,0.5,1.95,0,0.3,11.75
51655787,2,6/18/2017 13:35,6/18/2017 13:57,2,7.48,1,N,161,231,1,24,0,0.5,2,0,0.3,26.8
93391586,1,11/4/2017 17:23,11/4/2017 17:53,1,1.6,1,N,158,79,1,18,0,0.5,3.76,0,0.3,22.56
105159970,2,12/12/2017 8:41,12/12/2017 9:13,5,6.98,1,N,237,87,1,27,0,0.5,8.34,0,0.3,36.14
71545238,2,8/24/2017 18:53,8/24/2017 19:24,1,4.33,1,N,234,262,1,21.5,1,0.5,4.66,0,0.3,27.96
49348667,1,6/9/2017 8:17,6/9/2017 8:28,1,4.6,1,N,132,10,2,15,0,0.5,0,0,0.3,15.8
11203447,1,2/6/2017 9:05,2/6/2017 9:13,1,0.8,1,N,186,107,1,6.5,0,0.5,1.45,0,0.3,8.75
51346159,1,6/27/2017 20:30,6/27/2017 20:43,2,2,1,N,79,90,1,10.5,0.5,0.5,2.35,0,0.3,14.15
94048990,2,11/6/2017 19:43,11/6/2017 19:47,1,0.42,1,N,43,236,1,4,1,0.5,0.87,0,0.3,6.67
51956006,1,6/19/2017 7:52,6/19/2017 8:13,1,3.2,1,N,158,162,2,15.5,0,0.5,0,0,0.3,16.3
108458749,2,12/21/2017 21:31,12/21/2017 22:11,6,18.17,1,N,132,145,1,51.5,0.5,0.5,0,0,0.3,52.8
37783309,1,5/4/2017 9:51,5/4/2017 10:07,1,1.2,1,N,113,137,2,10.5,0,0.5,0,0,0.3,11.3
82285943,1,9/30/2017 18:23,9/30/2017 18:36,2,1.7,1,N,107,114,1,10,0,0.5,1.62,0,0.3,12.42
1925797,2,1/22/2017 5:52,1/22/2017 5:54,3,0.68,1,N,237,140,1,4,0.5,0.5,1.06,0,0.3,6.36
58481925,1,7/9/2017 15:10,7/9/2017 15:15,1,0.6,1,N,209,88,2,5,0,0.5,0,0,0.3,5.8
113250579,1,1/7/2017 6:28,1/7/2017 6:39,1,2.1,1,N,186,229,2,10,0,0.5,0,0,0.3,10.8
40280562,2,5/18/2017 16:00,5/18/2017 16:23,1,1.4,1,N,230,164,2,14,1,0.5,0,0,0.3,15.8
92526043,1,11/2/2017 7:59,11/2/2017 8:09,1,1.2,1,N,237,230,1,8,0,0.5,1.75,0,0.3,10.55
20284366,2,3/10/2017 13:11,3/10/2017 13:23,5,1.25,1,N,158,234,2,9,0,0.5,0,0,0.3,9.8
88718075,1,10/21/2017 8:55,10/21/2017 9:07,4,2.4,1,N,162,68,2,10,0,0.5,0,0,0.3,10.8
9485897,2,2/10/2017 9:46,2/10/2017 10:18,5,5.55,1,N,166,100,1,24.5,0,0.5,1,0,0.3,26.3
39558186,2,5/16/2017 17:00,5/16/2017 17:10,2,0.9,1,N,237,43,1,8,1,0.5,1.96,0,0.3,11.76
35500357,2,4/11/2017 2:33,4/11/2017 2:43,6,4.44,1,N,164,75,1,14,0.5,0.5,3.82,0,0.3,19.12
3309215,2,1/12/2017 21:24,1/12/2017 22:00,1,7.66,1,N,164,112,1,29,0.5,0.5,4,0,0.3,34.3
2790948,2,1/11/2017 21:22,1/11/2017 21:24,3,0.42,1,N,87,261,2,3.5,0.5,0.5,0,0,0.3,4.8
110044059,2,12/28/2017 15:18,12/28/2017 15:26,1,1.21,1,N,237,236,2,7.5,0,0.5,0,0,0.3,8.3
58467593,2,7/9/2017 14:02,7/9/2017 14:10,1,1.35,1,N,137,162,2,7.5,0,0.5,0,0,0.3,8.3
54920609,2,6/29/2017 7:52,6/29/2017 7:56,5,0.91,1,N,48,230,1,5,0,0.5,1.16,0,0.3,6.96
42411919,2,5/12/2017 10:25,5/12/2017 10:29,5,0.7,1,N,90,68,1,4.5,0,0.5,1.06,0,0.3,6.36
93518302,2,11/4/2017 23:04,11/4/2017 23:22,2,2.23,1,N,79,87,1,13,0.5,0.5,1.7,0,0.3,16
38828240,2,5/7/2017 2:14,5/7/2017 2:30,2,3.39,1,N,141,68,1,13.5,0.5,0.5,2.96,0,0.3,17.76
18542563,2,3/5/2017 16:00,3/5/2017 16:03,1,0.41,1,N,238,238,2,4,0,0.5,0,0,0.3,4.8
107313310,2,12/18/2017 13:08,12/18/2017 13:22,1,2.66,1,N,234,13,1,12,0,0.5,2.56,0,0.3,15.36
80479432,2,9/24/2017 23:45,9/25/2017 0:15,1,17.99,2,N,132,234,1,52,0,0.5,14.64,5.76,0.3,73.2
101024082,1,11/29/2017 19:11,11/29/2017 19:16,1,0.8,1,N,100,234,1,5,1,0.5,1.35,0,0.3,8.15
12890791,2,2/18/2017 6:53,2/18/2017 7:00,1,1.09,1,N,137,100,1,6.5,0,0.5,0.7,0,0.3,8
93218939,1,11/4/2017 4:02,11/4/2017 4:10,1,2.6,1,N,65,217,2,10.5,0.5,0.5,0,0,0.3,11.8
33168471,2,4/22/2017 12:16,4/22/2017 12:23,6,0.77,1,N,229,237,1,6.5,0,0.5,1.82,0,0.3,9.12
22498631,2,3/18/2017 19:41,3/18/2017 19:49,1,0.69,1,N,249,90,2,6.5,0,0.5,0,0,0.3,7.3
93438881,1,11/4/2017 19:48,11/4/2017 20:04,1,2.5,1,N,75,229,1,12.5,0,0.5,1.8,0,0.3,15.1
7620460,1,2/2/2017 12:34,2/2/2017 13:02,1,7.4,1,N,87,236,1,27,0,0.5,5.55,0,0.3,33.35
106006070,1,12/14/2017 16:16,12/14/2017 16:39,1,3.5,1,N,170,263,1,16.5,1,0.5,2.75,0,0.3,21.05
16226157,1,2/28/2017 18:30,2/28/2017 19:09,1,18.4,2,N,132,48,2,52,4.5,0.5,0,5.54,0.3,62.84
41452590,2,5/9/2017 18:12,5/9/2017 18:23,1,1.46,1,N,90,79,1,9,1,0.5,2.16,0,0.3,12.96
62272644,1,7/22/2017 9:24,7/22/2017 9:33,1,1.1,1,N,230,162,1,7.5,0,0.5,1.5,0,0.3,9.8
21571346,1,3/16/2017 0:16,3/16/2017 0:22,1,1.2,1,N,137,233,1,6.5,0.5,0.5,1.55,0,0.3,9.35
33587282,1,4/23/2017 14:59,4/23/2017 15:05,1,1,1,N,68,249,2,6.5,0,0.5,0,0,0.3,7.3
104342400,2,12/9/2017 16:58,12/9/2017 17:03,1,0.75,1,N,263,263,1,5.5,0,0.5,1.26,0,0.3,7.56
27693191,2,4/4/2017 9:29,4/4/2017 9:38,1,0.7,1,N,186,48,1,7,0,0.5,1.56,0,0.3,9.36
83954137,1,10/6/2017 8:44,10/6/2017 9:03,2,4.5,1,N,50,13,1,16.5,0,0.5,3.45,0,0.3,20.75
63531838,1,7/26/2017 20:39,7/26/2017 21:10,1,5.9,1,N,68,202,1,23.5,0.5,0.5,4.95,0,0.3,29.75
95497585,2,11/11/2017 1:08,11/11/2017 1:15,1,0.84,1,N,234,107,1,6,0.5,0.5,1.46,0,0.3,8.76
98754467,2,11/21/2017 9:58,11/21/2017 10:11,3,0.7,1,N,170,100,1,8.5,0,0.5,1,0,0.3,10.3
111651656,1,1/1/2017 23:42,1/2/2017 0:04,1,9.2,1,N,132,177,1,28.5,0.5,0.5,3,0,0.3,32.8
47481643,2,6/2/2017 8:56,6/2/2017 9:13,1,2.12,1,N,113,13,1,12,0,0.5,2,0,0.3,14.8
79876524,1,9/22/2017 23:14,9/22/2017 23:32,1,3.1,1,N,255,97,1,14.5,0.5,0.5,3.15,0,0.3,18.95
70374983,2,8/20/2017 11:56,8/20/2017 12:19,5,11.26,1,N,233,138,1,32,0,0.5,9.64,5.76,0.3,48.2
37147622,1,5/2/2017 11:10,5/2/2017 11:19,1,0.8,1,N,170,234,1,7.5,0,0.5,1.65,0,0.3,9.95
86709301,2,10/14/2017 21:59,10/14/2017 22:16,5,2.94,1,N,142,151,1,13.5,0.5,0.5,2.96,0,0.3,17.76
51822930,1,6/27/2017 21:38,6/27/2017 21:50,1,4,1,N,13,48,1,13.5,0.5,0.5,2.96,0,0.3,17.76
55253442,2,6/5/2017 12:51,6/5/2017 13:07,1,4.73,2,N,228,88,2,52,0,0.5,0,5.76,0.3,58.56
106521317,2,12/16/2017 0:49,12/16/2017 1:00,1,2.29,1,N,24,262,1,10.5,0.5,0.5,1,0,0.3,12.8
7251152,2,2/1/2017 10:25,2/1/2017 10:41,1,1.28,1,N,163,233,2,11,0,0.5,0,0,0.3,11.8
103640328,1,12/7/2017 17:09,12/7/2017 17:24,1,0.9,1,N,163,186,1,10,1,0.5,2.5,0,0.3,14.3
38010781,2,5/4/2017 21:51,5/4/2017 21:59,1,0.86,1,N,211,79,2,6.5,0.5,0.5,0,0,0.3,7.8
86635381,2,10/14/2017 17:58,10/14/2017 18:08,1,0.84,1,N,249,114,2,8,0,0.5,0,0,0.3,8.8
17283005,2,3/2/2017 17:06,3/2/2017 17:16,6,1.23,1,N,234,170,2,8,1,0.5,0,0,0.3,9.8
104264024,1,12/9/2017 12:28,12/9/2017 12:33,1,0.8,1,N,166,41,1,5,0,0.5,1.15,0,0.3,6.95
12955020,2,2/18/2017 12:44,2/18/2017 13:29,6,25.69,1,N,132,106,1,69.5,0,0.5,14.06,0,0.3,84.36
14925286,2,2/24/2017 19:53,2/24/2017 19:57,5,0.58,1,N,107,137,2,5,1,0.5,0,0,0.3,6.8
39901125,1,5/17/2017 15:37,5/17/2017 15:39,1,0.2,1,N,239,239,2,3.5,0,0.5,0,0,0.3,4.3
515122,1,1/2/2017 17:03,1/2/2017 17:06,1,0.9,1,N,237,236,1,5,0,0.5,1.15,0,0.3,6.95
113209494,2,1/9/2017 10:00,1/9/2017 10:08,1,0.61,1,N,142,163,1,6.5,0,0.5,2.19,0,0.3,9.49
30826385,2,4/15/2017 22:41,4/15/2017 22:52,1,0.84,1,N,48,161,2,8,0.5,0.5,0,0,0.3,9.3
72618545,1,8/28/2017 23:21,8/28/2017 23:25,1,0.8,1,N,263,237,1,5.5,0.5,0.5,1.35,0,0.3,8.15
67446268,2,8/9/2017 16:07,8/9/2017 16:14,1,1.75,1,N,238,48,1,8,1,0.5,1.2,0,0.3,11
15434084,1,2/26/2017 3:09,2/26/2017 3:11,1,0.3,1,N,42,42,2,3.5,0.5,0.5,0,0,0.3,4.8
37042791,2,5/2/2017 3:46,5/2/2017 3:52,1,1.89,1,N,41,42,2,7.5,0.5,0.5,0,0,0.3,8.8
3767951,1,1/14/2017 7:00,1/14/2017 7:00,1,0,1,N,208,208,1,2.5,0,0.5,6.7,0,0.3,10
1237859,1,1/5/2017 7:57,1/5/2017 8:01,3,0.8,1,N,141,236,1,5,0,0.5,1.74,0,0.3,7.54
32635028,2,4/21/2017 1:28,4/21/2017 1:34,5,1.1,1,N,148,107,2,6.5,0.5,0.5,0,0,0.3,7.8
4500439,2,1/24/2017 13:01,1/24/2017 13:10,3,1.14,1,N,246,186,2,7.5,0,0.5,0,0,0.3,8.3
4436865,2,1/24/2017 9:11,1/24/2017 9:29,1,2.19,1,N,142,164,1,12.5,0,0.5,3.99,0,0.3,17.29
44979821,1,5/25/2017 16:34,5/25/2017 17:03,1,2.2,1,N,170,48,1,17,1,0.5,5.6,0,0.3,24.4
16553677,1,3/11/2017 0:02,3/11/2017 0:41,1,7.9,1,N,246,17,1,30.5,0.5,0.5,7.95,0,0.3,39.75
8043611,1,2/3/2017 15:44,2/3/2017 16:25,2,6.1,1,N,230,256,1,28,0,0.5,8.6,0,0.3,37.4
90586948,1,10/27/2017 5:53,10/27/2017 6:20,1,15,1,N,226,132,3,41.5,0.5,0.5,0,0,0.3,42.8
15952746,1,2/27/2017 20:29,2/27/2017 20:47,2,4.7,1,N,113,238,1,16,0.5,0.5,3.45,0,0.3,20.75
8174593,2,2/3/2017 21:50,2/3/2017 22:02,6,3.63,1,N,107,209,1,13,0.5,0.5,2.86,0,0.3,17.16
48944091,1,6/6/2017 22:56,6/6/2017 23:01,3,1,1,N,162,100,1,6,0.5,0.5,2,0,0.3,9.3
20028796,2,3/9/2017 20:16,3/9/2017 20:26,1,1.48,1,N,230,234,1,8,0.5,0.5,1,0,0.3,10.3
42784086,1,5/13/2017 9:01,5/13/2017 9:04,1,0.5,1,N,48,48,1,4,0,0.5,0.95,0,0.3,5.75
54089164,1,6/25/2017 4:08,6/25/2017 4:31,3,10.7,1,N,186,133,1,32.5,0.5,0.5,6.75,0,0.3,40.55
42891984,2,5/13/2017 14:33,5/13/2017 14:50,2,3.13,1,N,13,232,1,14,0,0.5,3.7,0,0.3,18.5
48214038,2,6/4/2017 3:01,6/4/2017 3:16,1,3.33,1,N,234,232,2,13,0.5,0.5,0,0,0.3,14.3
64166935,2,7/28/2017 20:46,7/28/2017 20:59,1,2.14,1,N,233,114,1,10.5,0.5,0.5,2.36,0,0.3,14.16
42215266,2,5/11/2017 19:52,5/11/2017 20:25,1,6.91,1,N,186,75,1,27,1,0.5,3.5,0,0.3,32.3
1527719,1,1/20/2017 9:24,1/20/2017 9:33,1,0.7,1,N,264,264,2,6.5,0,0.5,0,0,0.3,7.3
3327593,2,1/12/2017 22:18,1/12/2017 22:33,2,2.53,1,N,107,232,1,12.5,0.5,0.5,3.45,0,0.3,17.25
78449508,2,9/17/2017 23:07,9/17/2017 23:09,1,0.25,1,N,231,231,1,3.5,0.5,0.5,0.96,0,0.3,5.76
76109890,2,9/10/2017 16:10,9/10/2017 16:23,1,1.41,1,N,107,231,1,9.5,0,0.5,1,0,0.3,11.3
100527764,1,11/28/2017 8:13,11/28/2017 8:34,1,2.5,1,N,143,75,1,15.5,0,0.5,3.25,0,0.3,19.55
80385402,2,9/24/2017 16:19,9/24/2017 16:39,1,3.15,1,N,162,68,1,15.5,0,0.5,3.26,0,0.3,19.56
65900029,2,8/3/2017 22:47,8/3/2017 23:32,2,18.21,2,N,132,48,2,52,0,0.5,0,5.76,0.3,58.56
45126785,2,5/26/2017 0:34,5/26/2017 0:41,1,1.4,1,N,226,7,2,7.5,0.5,0.5,0,0,0.3,8.8
29430255,1,4/9/2017 0:16,4/9/2017 0:35,1,3.4,1,N,234,141,1,14.5,0.5,0.5,3.15,0,0.3,18.95
68875357,2,8/14/2017 22:56,8/14/2017 23:05,1,1.82,1,N,162,234,1,8,0.5,0.5,2,0,0.3,11.3
52609268,1,6/21/2017 6:57,6/21/2017 7:04,1,0.8,1,N,137,186,1,6,0,0.5,1.36,0,0.3,8.16
69686961,2,8/17/2017 20:38,8/17/2017 20:55,2,1.93,1,N,141,161,1,12,0.5,0.5,2.66,0,0.3,15.96
107423424,1,12/18/2017 19:08,12/18/2017 19:15,1,0.8,1,N,100,170,2,6,1,0.5,0,0,0.3,7.8
65222651,2,8/1/2017 18:35,8/1/2017 18:46,1,0.98,1,N,142,230,1,8.5,1,0.5,0.7,0,0.3,11
55106647,2,6/30/2017 20:37,6/30/2017 20:58,1,4.34,1,N,79,112,2,17,0.5,0.5,0,0,0.3,18.3
15978995,1,2/27/2017 21:57,2/27/2017 22:16,1,5.2,1,N,79,75,1,18,0.5,0.5,2,0,0.3,21.3
15890590,1,2/27/2017 17:18,2/27/2017 17:23,2,0.9,1,N,236,239,2,5.5,1,0.5,0,0,0.3,7.3
9541231,2,2/10/2017 13:16,2/10/2017 13:20,1,0.69,1,N,162,170,1,4.5,0,0.5,1.06,0,0.3,6.36
45742735,1,5/28/2017 7:46,5/28/2017 7:51,1,1.9,1,N,237,262,2,7.5,0,0.5,0,0,0.3,8.3
106907129,2,12/17/2017 1:09,12/17/2017 1:17,1,1.4,1,N,137,100,1,7.5,0.5,0.5,1.76,0,0.3,10.56
53001359,2,6/22/2017 8:51,6/22/2017 9:07,2,1.76,1,N,79,162,1,11.5,0,0.5,2.46,0,0.3,14.76
94485824,2,11/8/2017 8:18,11/8/2017 8:26,1,0.98,1,N,262,236,2,7,0,0.5,0,0,0.3,7.8
34713326,1,4/26/2017 20:02,4/26/2017 20:13,1,2,1,Y,163,68,1,9.5,1,0.5,2.25,0,0.3,13.55
44354767,1,5/23/2017 19:20,5/23/2017 19:39,1,3.5,1,N,262,137,2,16,1,0.5,0,0,0.3,17.8
108435619,1,12/21/2017 20:02,12/21/2017 20:10,1,1.6,1,N,48,68,2,8,0.5,0.5,0,0,0.3,9.3
80904240,2,9/26/2017 13:48,9/26/2017 14:31,1,17.27,2,N,186,132,2,52,0,0.5,0,5.76,0.3,58.56
60724666,1,7/17/2017 10:21,7/17/2017 10:27,1,0.4,1,N,107,234,1,6,0,0.5,1,0,0.3,7.8
103583013,2,12/7/2017 14:39,12/7/2017 14:39,1,0,5,N,138,138,1,34,0,0.5,6.96,0,0.3,41.76
59412922,2,7/12/2017 20:56,7/12/2017 21:09,1,2.03,1,N,186,125,1,10,0.5,0.5,2.26,0,0.3,13.56
52474677,1,6/20/2017 18:57,6/20/2017 18:57,1,0,1,N,162,264,2,9.5,1,0.5,0,0,0.3,11.3
83138244,2,10/3/2017 18:00,10/3/2017 18:09,1,0.83,1,N,68,234,1,7.5,1,0.5,1.86,0,0.3,11.16
105890984,2,12/14/2017 10:22,12/14/2017 10:29,1,0.7,1,N,170,164,1,6,0,0.5,1,0,0.3,7.8
62731727,2,7/24/2017 0:27,7/24/2017 0:34,1,1.67,1,N,41,116,2,7.5,0.5,0.5,0,0,0.3,8.8
47823388,1,6/3/2017 3:43,6/3/2017 3:50,2,1.2,1,N,107,137,1,7,0.5,0.5,1,0,0.3,9.3
81392085,1,9/27/2017 23:09,9/27/2017 23:23,2,3.8,1,N,238,48,1,14.5,0.5,0.5,2,0,0.3,17.8
102161682,1,12/3/2017 1:14,12/3/2017 1:25,3,2,1,N,170,163,1,9.5,0.5,0.5,1.5,0,0.3,12.3
66681378,2,8/6/2017 19:45,8/6/2017 19:51,1,0.73,1,N,186,170,2,5.5,0,0.5,0,0,0.3,6.3
84467141,2,10/7/2017 19:24,10/7/2017 19:32,1,0.56,1,N,170,230,2,6.5,0,0.5,0,0,0.3,7.3
88416575,2,10/20/2017 10:01,10/20/2017 10:13,1,1,1,N,170,48,2,8.5,0,0.5,0,0,0.3,9.3
67291925,2,8/9/2017 3:24,8/9/2017 3:41,2,4.49,1,N,230,226,2,16.5,0.5,0.5,0,0,0.3,17.8
65504936,2,8/2/2017 17:44,8/2/2017 18:02,5,1.14,1,N,162,163,1,11.5,1,0.5,2,0,0.3,17.25
68548580,2,8/13/2017 15:15,8/13/2017 15:49,3,5.15,1,N,263,263,1,24.5,0,0.5,5.06,0,0.3,30.36
107726038,2,12/19/2017 19:21,12/19/2017 19:26,1,0.86,1,N,68,234,2,5.5,1,0.5,0,0,0.3,7.3
64258270,2,7/29/2017 2:00,7/29/2017 2:10,5,3.01,1,N,164,236,1,10.5,0.5,0.5,1.5,0,0.3,13.3
42868131,2,5/13/2017 13:26,5/13/2017 13:35,1,2.34,1,N,249,13,1,10,0,0.5,2.16,0,0.3,12.96
102139039,2,12/2/2017 23:40,12/2/2017 23:59,6,2.25,1,N,230,107,2,13.5,0.5,0.5,0,0,0.3,14.8
90731599,1,10/27/2017 15:39,10/27/2017 15:43,1,0.5,1,N,161,161,2,4.5,0,0.5,0,0,0.3,5.3
70261742,1,8/19/2017 22:33,8/19/2017 22:38,4,0.9,1,N,170,233,1,5.5,0.5,0.5,2,0,0.3,8.8
51620242,2,6/18/2017 11:11,6/18/2017 11:20,1,0.92,1,N,137,186,1,7.5,0,0.5,1.66,0,0.3,9.96
23269230,2,3/20/2017 18:55,3/20/2017 19:07,1,2.1,1,N,236,238,1,10,1,0.5,1.5,0,0.3,13.3
107751314,1,12/19/2017 20:46,12/19/2017 20:57,1,2.2,1,N,163,238,1,10,0.5,0.5,1.7,0,0.3,13
37314037,2,5/2/2017 20:30,5/2/2017 20:41,2,1.55,1,N,249,125,1,8.5,0.5,0.5,1,0,0.3,10.8
80800200,1,9/26/2017 7:15,9/26/2017 7:33,1,2.5,1,N,140,170,1,13,0,0.5,2.76,0,0.3,16.56
42536010,2,5/12/2017 17:32,5/12/2017 17:36,5,0.77,1,N,236,236,1,4.5,1,0.5,0.94,0,0.3,7.24
45711783,1,5/28/2017 1:37,5/28/2017 2:09,1,12.9,1,N,230,89,2,39,0.5,0.5,0,0,0.3,40.3
99348368,1,11/23/2017 10:12,11/23/2017 10:16,1,0.7,1,N,237,236,2,5,0,0.5,0,0,0.3,5.8
45966594,1,5/29/2017 7:14,5/29/2017 7:19,1,1.5,1,N,41,43,1,6.5,0,0.5,1.45,0,0.3,8.75
97909346,1,11/18/2017 13:17,11/18/2017 13:23,1,0.6,1,N,162,237,2,5.5,0,0.5,0,0,0.3,6.3
38084712,2,5/5/2017 4:34,5/5/2017 4:52,1,10.12,1,N,162,138,1,29,0.5,0.5,9.02,5.76,0.3,45.08
49430919,1,6/13/2017 11:00,6/13/2017 11:16,1,1.5,1,N,163,236,1,11,0,0.5,0,0,0.3,11.8
72317764,1,8/27/2017 17:01,8/27/2017 17:08,1,1,1,N,263,237,1,6.5,0,0.5,1.8,0,0.3,9.1
87701830,1,10/18/2017 8:30,10/18/2017 8:36,1,0.8,1,N,162,100,1,6,0,0.5,1.35,0,0.3,8.15
108170523,2,12/21/2017 0:49,12/21/2017 1:06,1,3.23,1,N,68,87,2,13,0.5,0.5,0,0,0.3,14.3
44872488,1,5/25/2017 9:59,5/25/2017 10:07,2,0.6,1,N,237,229,1,7,0,0.5,1.55,0,0.3,9.35
93103131,1,11/3/2017 20:20,11/3/2017 20:42,1,4.2,1,N,181,255,1,18,0.5,0.5,5.75,0,0.3,25.05
69245008,2,8/16/2017 10:54,8/16/2017 11:02,1,1.07,1,N,161,164,2,7,0,0.5,0,0,0.3,7.8
81168515,2,9/27/2017 11:18,9/27/2017 11:43,2,1.8,1,N,246,230,1,16,0,0.5,3.36,0,0.3,20.16
97895829,2,11/18/2017 12:50,11/18/2017 12:54,2,0.94,1,N,237,162,1,5,0,0.5,0.87,0,0.3,6.67
102977034,1,12/5/2017 19:28,12/5/2017 19:35,1,0.8,1,N,100,90,1,6,1,0.5,1.95,0,0.3,9.75
26194738,2,3/30/2017 15:39,3/30/2017 16:13,1,13.26,1,N,13,55,2,38.5,0,0.5,0,5.76,0.3,45.06
88866933,1,10/21/2017 17:49,10/21/2017 18:28,1,5.3,1,N,125,263,2,26,0,0.5,0,0,0.3,26.8
62052491,2,7/21/2017 15:35,7/21/2017 15:42,1,1.14,1,N,161,237,1,7,0,0.5,1,0,0.3,8.8
6414616,1,1/22/2017 19:49,1/22/2017 20:16,1,12,1,N,148,244,2,35.5,0,0.5,0,0,0.3,36.3
1847746,1,1/21/2017 2:59,1/21/2017 3:11,1,3.2,1,N,79,141,1,12,0.5,0.5,2.65,0,0.3,15.95
33147838,1,4/22/2017 11:06,4/22/2017 11:09,1,0.5,1,N,100,170,2,4,0,0.5,0,0,0.3,4.8
34338126,2,4/25/2017 19:27,4/25/2017 19:30,5,0.45,1,N,90,186,2,4.5,1,0.5,0,0,0.3,6.3
41094718,1,5/8/2017 17:23,5/8/2017 17:31,1,0.7,1,N,170,107,1,7,1,0.5,1.75,0,0.3,10.55
33706214,2,4/23/2017 21:34,4/23/2017 22:46,6,18.34,2,N,132,148,1,52,0,0.5,5,0,0.3,57.8
70826737,2,8/22/2017 8:52,8/22/2017 9:27,1,5.14,1,N,163,231,1,24.5,0,0.5,6.32,0,0.3,31.62
86156100,2,10/13/2017 10:27,10/13/2017 10:48,1,1.72,1,N,237,186,1,14,0,0.5,4,0,0.3,18.8
77339731,2,9/14/2017 15:00,9/14/2017 15:26,1,5.15,1,N,261,162,1,20.5,0,0.5,5,0,0.3,26.3
96493814,2,11/14/2017 11:15,11/14/2017 11:49,5,2.27,1,N,161,68,1,20.5,0,0.5,3,0,0.3,24.3
47362577,2,6/1/2017 22:57,6/1/2017 22:59,6,0.36,1,N,246,246,1,3.5,0.5,0.5,0.96,0,0.3,5.76
73704261,2,9/2/2017 0:29,9/2/2017 0:55,1,8.89,1,N,186,228,1,28,0.5,0.5,5.86,0,0.3,35.16
25270095,1,3/28/2017 7:13,3/28/2017 7:16,1,0.4,1,N,161,237,2,4,0,0.5,0,0,0.3,4.8
58116517,2,7/8/2017 3:02,7/8/2017 3:10,1,1.46,1,N,137,79,1,7.5,0.5,0.5,1,0,0.3,9.8
98205625,2,11/19/2017 11:04,11/19/2017 11:19,1,4.39,1,N,230,158,2,16.5,0,0.5,0,0,0.3,17.3
48056750,2,6/3/2017 19:04,6/3/2017 19:16,5,1.7,1,N,249,79,2,9,0,0.5,0,0,0.3,9.8
13120007,1,2/18/2017 22:16,2/18/2017 22:26,4,2.1,1,N,230,143,2,9.5,0.5,0.5,0,0,0.3,10.8
82286803,2,9/30/2017 18:23,9/30/2017 18:40,1,2.71,1,N,161,238,1,13.5,0,0.5,2.86,0,0.3,17.16
53407265,2,6/23/2017 9:02,6/23/2017 9:27,1,3.05,1,N,236,186,1,17,0,0.5,4.45,0,0.3,22.25
72392383,2,8/28/2017 0:45,8/28/2017 0:50,1,1,1,N,186,249,1,5.5,0.5,0.5,2.04,0,0.3,8.84
59065170,1,7/11/2017 18:38,7/11/2017 18:50,1,2.8,1,N,48,239,2,11.5,1,0.5,0,0,0.3,13.3
20796504,1,3/12/2017 21:01,3/12/2017 21:24,1,3.7,1,N,79,48,2,17.5,0.5,0.5,0,0,0.3,18.8
5373015,1,1/26/2017 22:33,1/26/2017 22:37,1,0.8,1,N,170,229,1,5,0.5,0.5,1.25,0,0.3,7.55
92929831,1,11/3/2017 11:20,11/3/2017 11:36,1,2,1,N,170,229,1,11.5,0,0.5,2.45,0,0.3,14.75
27098703,2,4/2/2017 10:19,4/2/2017 10:26,1,1,1,N,186,170,2,6.5,0,0.5,0,0,0.3,7.3
98456136,1,11/20/2017 9:59,11/20/2017 10:07,1,0.7,1,N,100,48,2,6.5,0,0.5,0,0,0.3,7.3
74267679,2,9/4/2017 16:49,9/4/2017 17:01,1,1.36,1,N,186,230,2,9,0,0.5,0,0,0.3,9.8
89421313,1,10/23/2017 15:26,10/23/2017 15:32,1,1.3,1,N,162,164,2,6,0,0.5,0,0,0.3,6.8
56628308,1,7/1/2017 19:17,7/1/2017 19:23,1,1.3,1,N,234,79,2,6.5,0,0.5,0,0,0.3,7.3
40170055,1,5/18/2017 9:27,5/18/2017 9:47,1,1.6,1,N,107,100,1,13,0,0.5,2.75,0,0.3,16.55
50639993,2,6/15/2017 13:40,6/15/2017 13:52,1,0.92,1,N,163,100,1,9,0,0.5,1.25,0,0.3,11.05
94450345,2,11/8/2017 3:09,11/8/2017 3:16,1,2.26,1,N,234,87,1,8.5,0.5,0.5,1.96,0,0.3,11.76
62646412,2,7/23/2017 16:00,7/23/2017 16:09,1,1.86,1,N,75,141,2,8.5,0,0.5,0,0,0.3,9.3
35324803,2,4/10/2017 14:17,4/10/2017 14:22,1,0.91,1,N,142,239,1,6,0,0.5,1.36,0,0.3,8.16
72489358,2,8/28/2017 13:36,8/28/2017 13:43,1,1.14,1,N,163,161,1,6.5,0,0.5,1.25,0,0.3,8.55
101646630,1,12/1/2017 17:38,12/1/2017 18:02,2,2.4,1,N,170,236,1,15.5,1,0.5,0,0,0.3,17.3
68294961,2,8/12/2017 14:47,8/12/2017 15:05,1,2.16,1,N,137,125,2,13,0,0.5,0,0,0.3,13.8
800728,1,1/3/2017 18:16,1/3/2017 18:34,1,2,1,N,113,170,1,12.5,1,0.5,1,0,0.3,15.3
21243472,2,3/14/2017 19:11,3/14/2017 19:17,1,0.84,1,N,79,114,1,6,1,0.5,1,0,0.3,8.8
45160588,1,5/26/2017 6:27,5/26/2017 6:45,1,7,1,N,42,246,1,22,0,0.5,4.55,0,0.3,27.35
67614158,2,8/10/2017 7:53,8/10/2017 7:59,1,1.15,1,N,164,161,1,6.5,0,0.5,1,0,0.3,8.3
87260965,1,10/16/2017 19:57,10/16/2017 20:04,1,0.8,1,N,230,161,2,6,0.5,0.5,0,0,0.3,7.3
36685706,1,5/1/2017 17:38,5/1/2017 17:52,1,2.2,1,N,137,249,1,10.5,1,0.5,2.45,0,0.3,14.75
80930298,2,9/26/2017 15:09,9/26/2017 15:36,6,6.17,1,N,161,87,1,24.5,0,0.5,5.06,0,0.3,30.36
33889932,1,4/24/2017 14:05,4/24/2017 14:19,1,1.1,1,N,230,68,2,10,0,0.5,0,0,0.3,10.8
17687398,2,3/3/2017 16:29,3/3/2017 16:46,3,2.34,1,N,162,113,1,12.5,1,0.5,5.95,0,0.3,20.25
97221876,1,11/16/2017 14:35,11/16/2017 14:50,1,2.2,1,N,140,237,1,11.5,0,0.5,2.45,0,0.3,14.75
18952975,2,3/6/2017 20:01,3/6/2017 20:14,1,6.7,1,N,230,244,1,20,0.5,0.5,4.26,0,0.3,25.56
90720575,1,10/27/2017 14:58,10/27/2017 15:32,1,8.3,1,N,236,261,1,28.5,0,0.5,2.7,0,0.3,32
68863536,2,8/14/2017 21:31,8/14/2017 21:49,2,2.65,1,N,162,249,1,13.5,0.5,0.5,2.96,0,0.3,17.76
24371211,2,3/23/2017 20:49,3/23/2017 20:52,1,0.58,1,N,238,239,1,4,0.5,0.5,1.06,0,0.3,6.36
79366967,1,9/21/2017 11:40,9/21/2017 11:57,1,1.2,1,N,234,161,2,11,0,0.5,0,0,0.3,11.8
25270241,2,3/28/2017 7:14,3/28/2017 7:21,1,2.56,1,N,239,68,1,9.5,0,0.5,2.06,0,0.3,12.36
98785521,1,11/21/2017 11:18,11/21/2017 11:30,1,1.6,1,N,48,161,2,10,0,0.5,0,0,0.3,10.8
99259872,2,11/22/2017 21:31,11/22/2017 22:00,1,18.65,2,N,132,144,1,52,0,0.5,10.56,0,0.3,63.36
34431069,2,4/26/2017 0:44,4/26/2017 0:58,6,2.74,1,N,161,79,1,11.5,0.5,0.5,3.2,0,0.3,16
13097569,2,2/18/2017 20:54,2/18/2017 21:06,1,2.38,1,N,79,229,1,11,0.5,0.5,2,0,0.3,14.3
61050418,2,7/18/2017 13:29,7/18/2017 13:29,1,0,2,N,230,161,1,52,0,0.5,11.71,5.76,0.3,70.27
40554809,2,5/19/2017 10:00,5/19/2017 10:10,5,1.56,1,N,144,234,2,8.5,0,0.5,0,0,0.3,9.3
111533208,1,1/15/2017 20:11,1/15/2017 20:23,1,1.7,1,N,164,229,1,9.5,0.5,0.5,2.7,0,0.3,13.5
79151848,2,9/20/2017 15:06,9/20/2017 15:11,1,0.4,1,N,140,237,2,4.5,0,0.5,0,0,0.3,5.3
66344480,2,8/5/2017 13:17,8/5/2017 13:25,2,0.47,1,N,231,261,2,6,0,0.5,0,0,0.3,6.8
93106717,2,11/3/2017 21:38,11/3/2017 21:52,1,2.45,1,N,79,170,1,11.5,0.5,0.5,3.2,0,0.3,16
46175174,2,5/30/2017 7:16,5/30/2017 7:21,2,1.08,1,N,162,137,1,5.5,0,0.5,1,0,0.3,7.3
58085989,2,7/8/2017 0:13,7/8/2017 0:26,1,1.93,1,N,107,158,1,10,0.5,0.5,2.26,0,0.3,13.56
93521154,2,11/5/2017 0:27,11/5/2017 0:31,1,0.85,1,N,186,170,1,5,0.5,0.5,1.26,0,0.3,7.56
63533478,1,7/26/2017 20:15,7/26/2017 20:27,1,1.5,1,N,114,90,2,9,0.5,0.5,0,0,0.3,10.3
13373991,1,2/19/2017 18:24,2/19/2017 18:41,1,2.6,1,N,4,162,2,13,0,0.5,0,0,0.3,13.8
37894837,2,5/4/2017 16:35,5/4/2017 16:41,2,0.95,1,N,230,48,1,6,1,0.5,1,0,0.3,8.8
93613531,2,11/5/2017 9:49,11/5/2017 9:56,1,1.26,1,N,170,100,2,6.5,0,0.5,0,0,0.3,7.3
1224206,1,1/9/2017 7:48,1/9/2017 7:54,1,0.9,1,N,170,234,2,6.5,0,0.5,0,0,0.3,7.3
54444647,2,6/26/2017 13:39,6/26/2017 14:34,1,17.76,2,N,211,132,1,52,0,0.5,11.71,5.76,0.3,70.27
72274525,2,8/27/2017 14:07,8/27/2017 14:12,3,2.03,1,N,75,237,1,7.5,0,0.5,1,0,0.3,9.3
36747488,2,5/1/2017 8:49,5/1/2017 9:07,2,2.23,1,N,137,246,1,13,0,0.5,2.76,0,0.3,16.56
66747682,1,8/7/2017 6:48,8/7/2017 6:55,1,1.3,1,N,246,164,1,7.5,0,0.5,1.65,0,0.3,9.95
41586175,1,5/20/2017 11:13,5/20/2017 11:19,1,1,1,N,142,230,1,6.5,0,0.5,1.1,0,0.3,8.4
28095603,1,4/5/2017 13:26,4/5/2017 13:47,1,2.2,1,N,237,170,2,13.5,0,0.5,0,0,0.3,14.3
69490222,1,8/17/2017 8:58,8/17/2017 9:22,1,2.7,1,N,249,137,1,16,0,0.5,5,0,0.3,21.8
1032539,1,1/4/2017 15:53,1/4/2017 16:08,1,2.1,1,N,43,48,2,11.5,0,0.5,0,0,0.3,12.3
62952740,1,7/24/2017 20:57,7/24/2017 21:20,1,4.2,1,N,166,141,1,18,0.5,0.5,4,0,0.3,23.3
18236908,1,3/4/2017 20:56,3/4/2017 21:14,1,3.7,1,N,100,151,1,14.5,0.5,0.5,3.15,0,0.3,18.95
31521482,1,4/18/2017 5:45,4/18/2017 5:51,1,1.3,1,N,186,170,1,6.5,0.5,0.5,1,0,0.3,8.8
34202417,2,4/25/2017 12:47,4/25/2017 13:09,5,1.03,1,N,186,162,1,13.5,0,0.5,2.86,0,0.3,17.16
98274180,1,11/19/2017 15:34,11/19/2017 15:41,1,1,1,N,48,68,1,6.5,0,0.5,1.1,0,0.3,8.4
52692723,1,6/28/2017 10:04,6/28/2017 10:16,1,1.3,1,N,158,231,1,9,0,0.5,1.5,0,0.3,11.3
4212485,2,1/23/2017 16:55,1/23/2017 16:59,1,0.89,1,N,238,151,2,5,1,0.5,0,0,0.3,6.8
85894067,2,10/12/2017 15:21,10/12/2017 15:29,6,0.66,1,N,107,234,1,6.5,0,0.5,1.46,0,0.3,8.76
47827064,2,6/3/2017 4:10,6/3/2017 4:16,1,1.16,1,N,170,137,1,6,0.5,0.5,1.25,0,0.3,8.55
68713101,2,8/14/2017 10:44,8/14/2017 10:51,1,1.33,1,N,107,113,2,7,0,0.5,0,0,0.3,7.8
61774854,2,7/20/2017 18:50,7/20/2017 18:53,1,0.58,1,N,238,239,1,4,1,0.5,1.16,0,0.3,6.96
57351836,1,7/5/2017 12:57,7/5/2017 13:09,1,1.6,1,N,142,236,1,9.5,0,0.5,1.2,0,0.3,11.5
63783345,2,7/27/2017 16:45,7/27/2017 17:00,1,2.46,1,N,162,236,1,12,1,0.5,1,0,0.3,14.8
47800992,1,6/3/2017 1:51,6/3/2017 1:52,1,0.3,1,N,107,113,1,3.5,0.5,0.5,0.95,0,0.3,5.75
848583,2,1/3/2017 21:21,1/3/2017 21:33,1,1.93,1,N,90,4,1,10,0.5,0.5,2.26,0,0.3,13.56
54573320,2,6/26/2017 19:52,6/26/2017 20:07,1,7.74,1,N,13,141,2,22.5,1,0.5,0,0,0.3,24.3
35954440,1,4/28/2017 7:19,4/28/2017 7:28,1,1.2,1,N,264,264,1,7.5,0,0.5,1.65,0,0.3,9.95
29329069,2,4/8/2017 19:17,4/8/2017 19:32,1,1.33,1,N,107,249,1,10,0,0.5,1.5,0,0.3,12.3
10668157,2,2/13/2017 15:44,2/13/2017 15:48,5,0.6,1,N,164,234,1,4.5,0,0.5,1,0,0.3,6.3
91164105,2,10/28/2017 19:26,10/28/2017 19:33,3,2.11,1,N,236,75,2,8,0,0.5,0,0,0.3,8.8
46035642,1,5/29/2017 14:49,5/29/2017 15:10,2,4.2,1,N,49,79,2,17,0,0.5,0,0,0.3,17.8
36861626,1,5/1/2017 15:33,5/1/2017 15:42,2,0.7,1,N,262,236,2,7,0,0.5,0,0,0.3,7.8
34880906,1,4/27/2017 9:37,4/27/2017 9:57,1,3.1,1,N,113,246,1,15,0,0.5,0,0,0.3,15.8
35760324,2,4/11/2017 21:07,4/11/2017 21:11,1,1.19,1,N,40,195,2,6,0.5,0.5,0,0,0.3,7.3
24014690,2,3/22/2017 21:51,3/22/2017 21:59,1,2.23,1,N,158,13,1,9.5,0.5,0.5,2.16,0,0.3,12.96
22936261,1,3/25/2017 14:03,3/25/2017 14:10,1,0.9,1,N,236,43,1,7,0,0.5,1,0,0.3,8.8
46051518,1,5/29/2017 15:58,5/29/2017 16:06,3,1.2,1,N,186,48,1,7,0,0.5,1.55,0,0.3,9.35
71404164,1,8/24/2017 8:55,8/24/2017 9:15,1,1,1,N,162,100,1,12.5,0,0.5,3.3,0,0.3,16.6
95966682,1,11/12/2017 14:55,11/12/2017 15:00,1,0.8,1,N,151,239,1,6,0,0.5,0.75,0,0.3,7.55
14704738,1,2/24/2017 7:11,2/24/2017 7:20,1,2.3,1,N,116,41,1,9.5,0,0.5,0,0,0.3,10.3
94300146,1,11/7/2017 16:18,11/7/2017 16:24,1,0.3,1,N,100,186,2,5,0,0.5,0,0,0.3,5.8
107322442,1,12/18/2017 14:47,12/18/2017 15:02,1,1.2,1,N,236,237,2,10.5,0,0.5,0,0,0.3,11.3
95697440,2,11/11/2017 18:42,11/11/2017 19:03,5,4.65,1,N,48,226,2,18,0,0.5,0,0,0.3,18.8
13753820,1,2/21/2017 8:04,2/21/2017 8:16,1,5.9,1,N,140,88,1,18.5,0,0.5,3.85,0,0.3,23.15
11106344,2,2/7/2017 21:49,2/7/2017 22:02,1,2.02,1,N,161,140,1,10.5,0.5,0.5,0,0,0.3,11.8
7439003,2,2/1/2017 20:59,2/1/2017 21:21,1,7.79,1,N,261,262,1,25,0.5,0.5,5.26,0,0.3,31.56
38776936,1,5/6/2017 23:26,5/6/2017 23:31,2,0.8,1,N,107,234,2,5.5,0.5,0.5,0,0,0.3,6.8
27381157,1,4/3/2017 9:54,4/3/2017 10:17,1,4,1,N,48,231,2,18,0,0.5,0,0,0.3,18.8
47707452,2,6/2/2017 21:00,6/2/2017 21:04,1,0.78,1,N,75,263,1,5,0.5,0.5,0,0,0.3,6.3
104998590,2,12/11/2017 17:30,12/11/2017 17:38,1,1.15,1,N,43,141,2,7.5,1,0.5,0,0,0.3,9.3
35481608,2,4/10/2017 23:20,4/10/2017 23:35,1,3.61,1,N,125,97,1,14.5,0.5,0.5,3.95,0,0.3,19.75
56252653,2,6/10/2017 23:28,6/10/2017 23:35,1,1.67,1,N,237,262,2,8,0.5,0.5,0,0,0.3,9.3
34350577,2,4/25/2017 20:00,4/25/2017 20:03,1,0.44,1,N,237,263,1,4,0.5,0.5,1.06,0,0.3,6.36
13442850,1,2/19/2017 23:09,2/19/2017 23:17,1,1.3,1,N,79,68,2,7.5,0.5,0.5,0,0,0.3,8.8
24795300,2,3/25/2017 0:59,3/25/2017 1:06,3,1.73,1,N,113,170,1,7.5,0.5,0.5,1.76,0,0.3,10.56
20735798,1,3/12/2017 17:33,3/12/2017 17:54,1,2.3,1,N,68,229,2,14,0,0.5,0,0,0.3,14.8
80322985,2,9/24/2017 12:56,9/24/2017 13:11,4,4.43,1,N,137,239,1,15,0,0.5,3.16,0,0.3,18.96
60568039,2,7/16/2017 17:31,7/16/2017 17:47,2,3.08,1,N,87,234,1,13.5,0,0.5,2,0,0.3,16.3
110359296,2,12/29/2017 17:26,12/29/2017 17:51,5,8.69,1,N,138,164,1,27,1,0.5,3.44,5.76,0.3,38
76439504,2,9/11/2017 19:20,9/11/2017 19:35,1,2.39,1,N,230,158,1,11.5,1,0.5,1.8,0,0.3,15.1
94648339,2,11/8/2017 17:15,11/8/2017 17:29,1,0.85,1,N,90,170,2,9,1,0.5,0,0,0.3,10.8
37126853,2,5/2/2017 9:50,5/2/2017 10:06,1,1.06,1,N,13,261,1,10.5,0,0.5,2.26,0,0.3,13.56
24656552,2,3/24/2017 17:54,3/24/2017 18:17,1,5.06,1,N,140,79,2,20,1,0.5,0,0,0.3,21.8
20816132,1,3/12/2017 22:28,3/12/2017 22:28,1,0,1,N,143,143,1,2.5,0.5,0.5,3,0,0.3,6.8
51530754,2,6/18/2017 0:16,6/18/2017 0:27,3,1.63,1,N,234,233,1,9,0.5,0.5,0,0,0.3,10.3
6120658,1,1/28/2017 19:25,1/28/2017 19:28,1,1.1,1,N,236,75,1,5.5,0,0.5,1.25,0,0.3,7.55
2934162,2,1/11/2017 18:05,1/11/2017 18:34,2,8.33,1,N,161,7,2,28.5,1,0.5,0,5.54,0.3,35.84
46232536,1,5/30/2017 10:56,5/30/2017 11:10,3,1.8,1,N,234,231,1,10,0,0.5,2.15,0,0.3,12.95
49154624,1,6/8/2017 2:11,6/8/2017 2:33,1,3.1,1,N,79,237,2,16.5,0.5,0.5,0,0,0.3,17.8
1657631,2,1/20/2017 16:17,1/20/2017 16:29,1,2,1,N,239,24,1,10,1,0.5,3.54,0,0.3,15.34
28137140,2,4/5/2017 15:49,4/5/2017 16:58,1,13.79,1,N,231,138,1,49.5,0,0.5,0,5.76,0.3,56.06
60443275,2,7/16/2017 6:28,7/16/2017 6:36,1,1.7,1,N,68,161,1,8,0,0.5,4,0,0.3,12.8
1403036,2,1/19/2017 21:42,1/19/2017 22:06,1,8.18,1,N,231,226,1,26,0.5,0.5,6,0,0.3,33.3
43531047,2,5/15/2017 14:32,5/15/2017 14:36,6,0.51,1,N,100,230,2,4.5,0,0.5,0,0,0.3,5.3
87489889,1,10/17/2017 14:34,10/17/2017 14:52,1,2.3,1,N,170,162,1,12.5,0,0.5,2.65,0,0.3,15.95
86035998,1,10/12/2017 22:18,10/12/2017 22:25,1,1.8,1,N,231,113,1,7.5,0.5,0.5,1.75,0,0.3,10.55
68983324,1,8/15/2017 12:47,8/15/2017 13:18,1,5.6,1,N,163,87,1,23.5,0,0.5,4.85,0,0.3,29.15
77416500,1,9/14/2017 19:17,9/14/2017 19:38,1,4.2,1,N,231,181,2,16,1,0.5,0,0,0.3,17.8
79222561,1,9/20/2017 20:53,9/20/2017 20:57,1,0.8,1,N,264,264,1,5,0.5,0.5,1.26,0,0.3,7.56
88780420,2,10/21/2017 12:19,10/21/2017 12:26,5,1.42,1,N,237,236,2,7,0,0.5,0,0,0.3,7.8
27472036,1,4/3/2017 16:00,4/3/2017 16:30,1,4.8,1,N,186,87,1,21.5,1,0.5,4.65,0,0.3,27.95
62756499,2,7/24/2017 6:18,7/24/2017 6:32,2,3.32,1,N,234,142,1,13,0,0.5,2.76,0,0.3,16.56
2084873,2,1/21/2017 19:16,1/21/2017 19:25,1,2.78,1,N,237,42,2,10,0,0.5,0,0,0.3,10.8
71318943,1,8/23/2017 21:04,8/23/2017 21:11,2,1.1,1,N,107,90,2,7,0.5,0.5,0,0,0.3,8.3
3976882,1,1/16/2017 14:22,1/16/2017 14:25,1,0.6,1,N,170,233,2,4.5,0,0.5,0,0,0.3,5.3
66684095,2,8/6/2017 19:55,8/6/2017 20:00,2,0.73,1,N,186,170,1,5.5,0,0.5,1.26,0,0.3,7.56
58204888,1,7/8/2017 14:04,7/8/2017 14:17,4,3,1,N,43,50,2,12,0,0.5,0,0,0.3,12.8
1413249,2,1/19/2017 22:11,1/19/2017 22:32,1,3.34,1,N,234,145,1,15,0.5,0.5,4.37,5.54,0.3,26.21
14149086,1,2/22/2017 14:08,2/22/2017 14:33,1,9.8,1,N,138,140,1,29,0,0.5,7.05,5.54,0.3,42.39
18514370,2,3/5/2017 14:29,3/5/2017 14:39,1,0.88,1,N,163,48,2,8,0,0.5,0,0,0.3,8.8
64989621,2,7/31/2017 21:57,7/31/2017 22:22,3,4.65,1,N,148,246,2,19.5,0.5,0.5,0,0,0.3,20.8
30417399,1,4/14/2017 18:20,4/14/2017 18:39,1,3.7,1,N,231,163,3,15,1,0.5,0,0,0.3,16.8
32806214,1,4/21/2017 13:07,4/21/2017 13:26,2,2.8,1,N,238,162,1,14.5,0,0.5,3.05,0,0.3,18.35
69775650,2,8/18/2017 6:47,8/18/2017 6:55,2,1.13,1,N,230,162,1,7,0,0.5,1.56,0,0.3,9.36
29354463,2,4/8/2017 20:29,4/8/2017 20:37,1,1.11,1,N,170,164,1,7,0.5,0.5,1.66,0,0.3,9.96
110214798,2,12/29/2017 7:28,12/29/2017 7:33,1,0.67,1,N,107,234,1,5.5,0,0.5,1,0,0.3,7.3
84157403,1,10/6/2017 20:05,10/6/2017 20:49,1,4.1,1,N,79,48,1,26,0.5,0.5,3,0,0.3,30.3
110049896,1,12/28/2017 15:01,12/28/2017 15:20,1,3.7,1,N,190,255,1,15.5,0,0.5,3.25,0,0.3,19.55
66596100,1,8/6/2017 13:13,8/6/2017 13:22,1,1.6,1,N,68,249,1,8.5,0,0.5,1,0,0.3,10.3
9226490,2,2/9/2017 9:36,2/9/2017 9:41,2,0.62,1,N,113,114,1,5,0,0.5,1.16,0,0.3,6.96
72260414,1,8/27/2017 13:04,8/27/2017 13:40,2,10.1,1,N,186,195,2,34,0,0.5,0,0,0.3,34.8
48359056,1,6/4/2017 15:16,6/4/2017 15:21,1,0.5,1,N,262,262,1,5,0,0.5,1.15,0,0.3,6.95
52881936,2,6/21/2017 22:05,6/21/2017 22:13,2,1.92,1,N,68,231,1,8.5,0.5,0.5,1,0,0.3,10.8
58670476,1,7/10/2017 11:32,7/10/2017 11:47,2,5.2,1,N,138,196,2,17.5,0,0.5,0,0,0.3,18.3
96181661,1,11/13/2017 10:03,11/13/2017 10:38,1,3.6,1,N,68,162,1,21.5,0,0.5,5,0,0.3,27.3
82052911,1,9/29/2017 23:34,9/29/2017 23:45,2,1,1,N,237,141,1,8,0.5,0.5,1,0,0.3,10.3
3119712,2,1/12/2017 11:10,1/12/2017 11:17,5,1.08,1,N,229,141,2,6.5,0,0.5,0,0,0.3,7.3
60741436,2,7/17/2017 11:40,7/17/2017 12:07,1,4.81,1,N,87,170,1,21,0,0.5,4.36,0,0.3,26.16
94424289,2,11/7/2017 22:15,11/7/2017 22:45,2,16.97,2,N,132,170,1,52,0,0.5,11.71,5.76,0.3,70.27
98453441,2,11/20/2017 9:59,11/20/2017 10:05,1,0.79,1,N,113,79,2,5,0,0.5,0,0,0.3,5.8
48962869,2,6/30/2017 13:38,6/30/2017 13:55,1,1.67,1,N,68,163,1,11.5,0,0.5,2.46,0,0.3,14.76
39829786,1,5/17/2017 11:40,5/17/2017 11:50,1,1.8,1,N,236,142,2,8.5,0,0.5,0,0,0.3,9.3
110021060,1,12/28/2017 13:50,12/28/2017 14:09,1,2.8,1,N,141,48,1,14,0,0.5,3,0,0.3,17.8
56236615,2,6/10/2017 21:55,6/11/2017 21:45,1,1.36,1,N,264,264,1,8.5,0.5,0.5,1.47,0,0.3,11.27
59907777,2,7/14/2017 10:46,7/14/2017 10:55,1,1.14,1,N,237,236,1,7.5,0,0.5,0,0,0.3,8.3
56330221,2,6/11/2017 13:09,6/11/2017 13:45,1,2.85,1,N,237,48,1,21.5,0,0.5,5.58,0,0.3,27.88
90638598,1,10/27/2017 9:50,10/27/2017 10:03,1,1.2,1,N,48,246,1,9,0,0.5,2.9,0,0.3,12.7
5187300,1,1/26/2017 12:52,1/26/2017 13:03,1,0.7,1,N,163,229,1,8,0,0.5,0,0,0.3,8.8
9407693,2,2/10/2017 0:20,2/10/2017 0:29,1,1.87,1,N,239,163,1,8.5,0.5,0.5,2.94,0,0.3,12.74
84916776,2,10/9/2017 12:43,10/9/2017 12:52,3,1.26,1,N,238,142,1,8,0,0.5,1.76,0,0.3,10.56
26764026,1,4/1/2017 12:19,4/1/2017 12:24,1,0.6,1,N,236,237,1,5.5,0,0.5,1.2,0,0.3,7.5
21522211,1,3/15/2017 21:15,3/15/2017 21:24,1,1.5,1,N,68,249,1,8,0.5,0.5,1,0,0.3,10.3
29571974,2,4/9/2017 13:00,4/9/2017 13:06,1,1,1,N,164,230,2,6,0,0.5,0,0,0.3,6.8
102772697,1,12/5/2017 7:30,12/5/2017 7:40,1,1.4,1,N,186,137,1,8,0,0.5,1.75,0,0.3,10.55
34937653,1,4/27/2017 12:33,4/27/2017 12:38,1,0.6,1,N,163,161,2,5.5,0,0.5,0,0,0.3,6.3
22633157,2,3/19/2017 3:42,3/19/2017 3:49,1,2.8,1,N,263,170,1,9.5,0.5,0.5,2.16,0,0.3,12.96
6226937,2,1/29/2017 0:45,1/29/2017 1:01,1,1.48,1,N,125,148,1,11,0.5,0.5,2.46,0,0.3,14.76
108951787,2,12/23/2017 14:35,12/23/2017 14:43,1,1.13,1,N,137,170,2,7.5,0,0.5,0,0,0.3,8.3
30869318,2,4/28/2017 13:13,4/28/2017 13:23,1,0.96,1,N,237,161,1,7,0,0.5,1.2,0,0.3,9
90312110,1,10/26/2017 11:46,10/26/2017 11:55,1,0.6,1,N,48,100,1,7,0,0.5,1.55,0,0.3,9.35
62983782,1,7/24/2017 22:45,7/24/2017 22:54,1,1.4,1,N,163,229,1,8,0.5,0.5,1.85,0,0.3,11.15
33417128,1,4/23/2017 1:40,4/23/2017 1:41,1,0.5,1,N,170,233,1,3.5,0.5,0.5,0.95,0,0.3,5.75
61974846,2,7/21/2017 10:59,7/21/2017 11:05,2,1.22,1,N,236,239,1,6.5,0,0.5,1.82,0,0.3,9.12
103094220,1,12/6/2017 5:19,12/6/2017 5:53,1,20.8,2,N,132,239,1,52,0,0.5,5.85,5.76,0.3,64.41
29580671,1,4/9/2017 13:30,4/9/2017 13:41,1,1.6,1,N,163,239,1,9,0,0.5,0,0,0.3,9.8
66115834,1,8/4/2017 17:53,8/4/2017 18:50,1,21.6,2,N,264,264,1,52,4.5,0.5,12.6,5.76,0.3,75.66
64209294,2,7/28/2017 23:07,7/28/2017 23:28,5,8.97,1,N,138,107,1,27.5,0.5,0.5,5,5.76,0.3,39.56
31046552,1,4/16/2017 15:57,4/16/2017 16:03,2,1,1,N,125,13,1,6.5,0,0.5,1,0,0.3,8.3
89666670,2,10/24/2017 11:47,10/24/2017 11:50,1,0.46,1,N,237,237,1,4,0,0.5,0.72,0,0.3,5.52
107242434,1,12/18/2017 8:04,12/18/2017 8:06,1,0.3,1,N,239,238,2,3,0,0.5,0,0,0.3,3.8
70625324,1,8/21/2017 12:05,8/21/2017 12:30,1,7.1,1,N,138,145,1,25,0,0.5,3,0,0.3,28.8
69037627,2,8/15/2017 15:14,8/15/2017 15:21,1,0.67,1,N,237,163,1,6,0,0.5,1,0,0.3,7.8
93909677,2,11/6/2017 9:25,11/6/2017 9:56,1,2.04,1,N,107,229,1,18.5,0,0.5,3.86,0,0.3,23.16
88531455,2,10/20/2017 17:45,10/20/2017 18:01,1,1.98,1,N,239,161,2,11.5,1,0.5,0,0,0.3,13.3
73619236,2,9/1/2017 18:39,9/1/2017 19:14,1,9.21,1,N,68,68,2,32.5,1,0.5,0,0,0.3,34.3
54995398,1,6/29/2017 12:38,6/29/2017 12:45,1,1,1,N,161,170,2,6,0,0.5,0,0,0.3,6.8
29234448,1,4/8/2017 14:13,4/8/2017 14:21,1,0.8,1,N,90,137,1,6.5,0,0.5,2,0,0.3,9.3
71573301,2,8/24/2017 20:49,8/24/2017 21:07,2,5.67,1,N,161,87,1,19.5,0.5,0.5,4.16,0,0.3,24.96
49382257,1,6/9/2017 12:25,6/9/2017 12:29,1,0.6,1,N,161,237,2,4.5,0,0.5,0,0,0.3,5.3
93527958,2,11/5/2017 1:01,11/5/2017 1:05,1,0.53,1,N,263,236,1,5,0.5,0.5,1.58,0,0.3,7.88
105987335,2,12/14/2017 15:08,12/14/2017 15:20,2,1.19,1,N,249,246,1,9,0,0.5,1.96,0,0.3,11.76
95613096,2,11/11/2017 13:26,11/11/2017 13:39,1,0.79,1,N,68,90,1,9.5,0,0.5,2.06,0,0.3,12.36
38039872,2,5/4/2017 23:13,5/4/2017 23:24,1,1.46,1,N,158,79,1,9,0.5,0.5,0,0,0.3,10.3
108458009,2,12/21/2017 21:06,12/21/2017 21:35,1,5.12,1,N,148,142,2,21,0.5,0.5,0,0,0.3,22.3
92267923,2,11/1/2017 11:52,11/1/2017 11:57,1,0.79,1,N,137,170,1,5.5,0,0.5,0,0,0.3,6.3
36214896,2,4/29/2017 12:09,4/29/2017 12:22,1,2.2,1,N,48,137,2,10.5,0,0.5,0,0,0.3,11.3
25947796,1,3/30/2017 20:41,3/30/2017 20:54,4,1.3,1,N,246,161,2,9.5,0.5,0.5,0,0,0.3,10.8
33273242,1,4/22/2017 18:14,4/22/2017 18:27,1,1.8,1,N,151,142,2,10,0,0.5,0,0,0.3,10.8
31618375,2,4/28/2017 18:14,4/28/2017 18:40,1,4.87,1,N,162,223,1,20.5,1,0.5,2.23,0,0.3,24.53
9159148,1,2/8/2017 22:57,2/8/2017 23:28,1,11.8,1,N,79,243,1,36,0.5,0.5,9.3,0,0.3,46.6
11763843,2,2/15/2017 0:45,2/15/2017 1:08,1,6.78,1,N,79,61,1,22.5,0.5,0.5,5.95,0,0.3,29.75
61971627,1,7/21/2017 10:54,7/21/2017 11:15,1,1.9,1,N,90,161,1,13.5,0,0.5,2,0,0.3,16.3
94788397,1,11/9/2017 5:18,11/9/2017 5:23,1,1.1,1,N,100,163,2,6,0.5,0.5,0,0,0.3,7.3
22697769,2,3/19/2017 11:42,3/19/2017 12:14,1,3.97,1,N,88,100,2,21.5,0,0.5,0,0,0.3,22.3
112481013,2,1/9/2017 8:43,1/9/2017 8:54,1,1.01,1,N,100,233,2,8,0,0.5,0,0,0.3,8.8
110619777,1,12/30/2017 17:19,12/30/2017 17:38,3,3.3,1,N,144,48,2,15.5,0,0.5,0,0,0.3,16.3
46625897,2,5/31/2017 16:16,5/31/2017 16:21,2,0.92,1,N,237,262,1,5.5,1,0.5,1.1,0,0.3,8.4
51091102,2,6/16/2017 18:41,6/16/2017 18:56,6,1.21,1,N,164,229,1,10.5,1,0.5,2.46,0,0.3,14.76
78658109,2,9/18/2017 19:56,9/18/2017 20:07,1,2.4,1,N,237,239,1,10.5,1,0.5,3.08,0,0.3,15.38
71153856,1,8/23/2017 11:54,8/23/2017 12:06,1,1.2,1,N,113,148,1,8.5,0,0.5,1.85,0,0.3,11.15
47351206,2,6/1/2017 22:26,6/1/2017 22:35,1,2.4,1,N,148,255,1,10.5,0.5,0.5,1.5,0,0.3,13.3
46462545,1,5/31/2017 5:32,5/31/2017 5:50,1,6.3,1,N,181,230,1,20,0.5,0.5,2,0,0.3,23.3
20848313,1,3/13/2017 5:45,3/13/2017 5:48,1,0.5,1,N,231,13,1,4.5,0.5,0.5,1.15,0,0.3,6.95
105152690,1,12/12/2017 8:54,12/12/2017 9:09,1,1.5,1,N,236,43,1,10.5,0,0.5,1.25,0,0.3,12.55
109979990,1,12/28/2017 11:37,12/28/2017 11:41,3,0.6,1,N,141,162,1,5,0,0.5,1.5,0,0.3,7.3
83702921,1,10/5/2017 14:04,10/5/2017 14:23,1,1.7,1,N,161,142,2,13,0,0.5,0,0,0.3,13.8
102015599,1,12/2/2017 17:46,12/2/2017 18:15,2,1.3,1,N,229,48,1,17,0,0.5,3.55,0,0.3,21.35
72458604,2,8/28/2017 11:27,8/28/2017 11:38,1,1.75,1,N,186,211,1,9.5,0,0.5,2.06,0,0.3,12.36
104853544,1,12/11/2017 8:36,12/11/2017 8:44,1,1.3,1,N,137,233,1,7.5,0,0.5,1.5,0,0.3,9.8
92350923,1,11/1/2017 16:15,11/1/2017 16:35,1,3,1,N,263,143,1,15,1,0.5,3.35,0,0.3,20.15
42054683,2,5/11/2017 10:58,5/11/2017 11:16,1,1.89,1,N,162,142,1,13,0,0.5,2.76,0,0.3,16.56
80020670,2,9/23/2017 14:24,9/23/2017 14:55,1,3.99,1,N,142,125,2,20.5,0,0.5,0,0,0.3,21.3
42329395,1,5/12/2017 2:07,5/12/2017 2:18,2,2.1,1,N,161,68,1,10.5,0.5,0.5,2.35,0,0.3,14.15
75776096,2,9/9/2017 15:51,9/9/2017 16:11,3,1.62,1,N,163,161,2,12.5,0,0.5,0,0,0.3,13.3
19995452,2,3/9/2017 18:53,3/9/2017 18:59,1,0.79,1,N,164,230,1,5.5,1,0.5,1.46,0,0.3,8.76
62569392,2,7/23/2017 11:35,7/23/2017 11:41,1,0.98,1,N,107,4,1,6,0,0.5,1.7,0,0.3,8.5
32898606,1,4/21/2017 18:17,4/21/2017 18:29,2,1.9,1,N,140,233,2,10,1,0.5,0,0,0.3,11.8
8916720,1,2/8/2017 10:03,2/8/2017 10:14,1,3.6,1,N,50,166,1,13,0,0.5,2.75,0,0.3,16.55
60794959,2,7/17/2017 15:50,7/17/2017 16:09,2,1.25,1,N,162,186,1,12,0,0.5,3.84,0,0.3,16.64
4340145,1,1/23/2017 23:21,1/23/2017 23:25,1,1.4,1,N,48,68,1,6,0.5,0.5,1.45,0,0.3,8.75
108819241,1,12/23/2017 0:24,12/23/2017 0:33,1,2.4,1,N,90,148,1,9.5,0.5,0.5,2.15,0,0.3,12.95
26993660,2,4/2/2017 0:14,4/2/2017 0:28,1,3.11,1,N,151,48,1,13,0.5,0.5,2.86,0,0.3,17.16
60496771,2,7/16/2017 12:57,7/16/2017 13:05,5,2.8,1,N,233,75,1,9.5,0,0.5,2.06,0,0.3,12.36
110139405,1,12/28/2017 20:05,12/28/2017 20:10,2,1,1,N,162,137,1,5.5,1,0.5,1,0,0.3,8.3
106498793,2,12/15/2017 23:29,12/15/2017 23:55,1,4.02,1,N,50,224,1,18.5,0.5,0.5,3.96,0,0.3,23.76
99041666,2,11/22/2017 8:00,11/22/2017 8:07,6,1.27,1,N,137,162,1,6.5,0,0.5,1.46,0,0.3,8.76
18652425,1,3/5/2017 22:24,3/5/2017 22:31,2,1.5,1,N,234,161,2,7.5,0.5,0.5,0,0,0.3,8.8
96912619,1,11/15/2017 16:43,11/15/2017 16:53,3,0.9,1,N,163,161,2,7.5,1,0.5,0,0,0.3,9.3
55934137,2,6/9/2017 9:31,6/9/2017 10:24,2,18.81,2,N,163,132,1,52,0,0.5,13.2,0,0.3,66
78990608,2,9/19/2017 23:08,9/19/2017 23:15,1,1.3,1,N,234,148,1,6.5,0.5,0.5,1.56,0,0.3,9.36
66985494,2,8/7/2017 22:16,8/7/2017 22:30,1,2.93,1,N,186,239,2,12,0.5,0.5,0,0,0.3,13.3
45419097,2,5/26/2017 23:34,5/26/2017 23:41,1,0.67,1,N,163,48,2,5.5,0.5,0.5,0,0,0.3,6.8
90333850,2,10/26/2017 12:56,10/26/2017 13:16,1,1.4,1,N,68,186,2,13,0,0.5,0,0,0.3,13.8
72245714,1,8/27/2017 11:47,8/27/2017 11:54,1,1.6,1,N,186,48,1,7,0,0.5,1,0,0.3,8.8
112015012,1,1/17/2017 18:45,1/17/2017 18:54,1,1,1,N,68,234,1,7,1,0.5,0,0,0.3,8.8
63486570,2,7/26/2017 17:38,7/26/2017 18:14,2,2.71,1,N,43,170,2,21,1,0.5,0,0,0.3,22.8
111552545,1,1/15/2017 21:29,1/15/2017 21:35,2,1,1,N,239,236,2,6,0.5,0.5,0,0,0.3,7.3
111539006,2,1/15/2017 20:33,1/15/2017 20:47,1,2.54,1,N,186,224,1,12,0.5,0.5,2.66,0,0.3,15.96
54215570,1,6/28/2017 18:23,6/28/2017 18:28,1,1,1,N,151,238,1,6,1,0.5,1.95,0,0.3,9.75
46212863,2,5/30/2017 9:36,5/30/2017 9:46,2,1.46,1,N,100,142,2,8.5,0,0.5,0,0,0.3,9.3
109099452,2,12/24/2017 4:19,12/24/2017 4:37,1,6,1,N,164,83,2,20,0.5,0.5,0,0,0.3,21.3
101135030,1,11/30/2017 7:11,11/30/2017 7:11,1,0,1,N,246,264,2,8,0,0.5,0,0,0.3,8.8
50087665,2,6/13/2017 21:49,6/13/2017 21:53,5,1.18,1,N,229,137,1,6,0.5,0.5,2.19,0,0.3,9.49
102741536,2,12/4/2017 23:25,12/4/2017 23:41,3,6.96,1,N,100,42,1,21,0.5,0.5,5.58,0,0.3,27.88
88209548,2,10/19/2017 18:39,10/19/2017 18:58,1,1.53,1,N,162,142,1,12.5,1,0.5,1.5,0,0.3,15.8
83424569,2,10/4/2017 17:41,10/4/2017 17:49,1,1.23,1,N,140,236,1,7.5,1,0.5,3,0,0.3,12.3
46120225,2,5/29/2017 21:11,5/29/2017 21:14,4,0.68,1,N,249,113,2,4.5,0.5,0.5,0,0,0.3,5.8
105975890,2,12/14/2017 14:32,12/14/2017 14:46,1,2.05,1,N,90,231,2,11,0,0.5,0,0,0.3,11.8
60744952,2,7/17/2017 12:12,7/17/2017 12:26,1,0.92,1,N,113,107,1,10,0,0.5,1,0,0.3,11.8
30209392,1,4/14/2017 6:31,4/14/2017 6:35,1,0.8,1,N,211,249,1,5,0,0.5,1,0,0.3,6.8
21983886,1,3/17/2017 9:57,3/17/2017 10:11,1,1.4,1,N,151,239,1,10,0,0.5,2.2,0,0.3,13
6661147,2,1/30/2017 12:09,1/30/2017 12:17,1,0.76,1,N,141,237,1,6.5,0,0.5,1.46,0,0.3,8.76
71217854,2,8/23/2017 15:14,8/23/2017 15:21,1,1.13,1,N,229,137,1,6.5,0,0.5,1.46,0,0.3,8.76
38993345,2,5/7/2017 16:00,5/7/2017 16:57,5,9.52,1,N,138,230,1,43,0,0.5,10.95,0,0.3,54.75
43187229,1,5/14/2017 11:33,5/14/2017 11:47,1,3.2,1,N,163,125,2,12.5,0,0.5,0,0,0.3,13.3
23761115,2,3/22/2017 9:21,3/22/2017 9:31,1,0.58,1,N,162,161,1,7.5,0,0.5,1.66,0,0.3,9.96
99236904,1,11/22/2017 20:24,11/22/2017 21:02,2,8.8,1,N,239,97,1,32,0.5,0.5,6.65,0,0.3,39.95
73996546,2,9/3/2017 10:27,9/3/2017 10:32,1,1.39,1,N,234,113,1,7,0,0.5,1.56,0,0.3,9.36
52750507,1,6/21/2017 15:04,6/21/2017 15:23,1,2.7,1,N,246,13,1,14.5,0,0.5,2,0,0.3,17.3
78789881,2,9/19/2017 10:47,9/19/2017 10:54,2,1.18,1,N,238,151,2,7,0,0.5,0,0,0.3,7.8
107160307,2,12/17/2017 21:00,12/17/2017 21:18,5,7.62,1,N,48,243,1,23.5,0.5,0.5,4.96,0,0.3,29.76
94870757,2,11/9/2017 11:28,11/9/2017 12:02,2,1.49,1,N,229,48,1,19.5,0,0.5,3,0,0.3,23.3
13731926,2,2/21/2017 6:11,2/21/2017 6:59,5,16.94,2,N,132,170,1,52,0,0.5,2,5.54,0.3,60.34
25797388,2,3/29/2017 15:36,3/29/2017 15:55,1,1.11,1,N,137,162,2,12.5,0,0.5,0,0,0.3,13.3
52277743,2,6/20/2017 8:15,6/20/2017 10:24,1,17.77,2,N,132,246,1,52,0,0.5,11.71,5.76,0.3,70.27
48077238,1,6/3/2017 20:05,6/3/2017 20:10,1,0.9,1,N,263,236,1,5.5,0.5,0.5,1,0,0.3,7.8
28585345,1,4/6/2017 19:39,4/6/2017 20:12,1,14.3,1,N,236,131,2,40.5,1,0.5,0,5.76,0.3,48.06
77933463,1,9/16/2017 10:58,9/16/2017 11:01,1,0.9,1,N,142,237,1,5,0,0.5,1.15,0,0.3,6.95
15545758,2,2/26/2017 13:56,2/26/2017 14:09,1,1.15,1,N,48,161,1,9,0,0.5,2.45,0,0.3,12.25
95547387,2,11/11/2017 9:14,11/11/2017 9:36,4,7.59,1,N,209,143,1,25,0,0.5,5.16,0,0.3,30.96
106035422,2,12/14/2017 18:42,12/14/2017 18:53,5,0.8,1,N,113,158,1,8,1,0.5,1.96,0,0.3,11.76
91752311,1,10/30/2017 17:46,10/30/2017 17:57,1,1.5,1,N,236,140,2,9,1,0.5,0,0,0.3,10.8
112153495,2,1/18/2017 2:18,1/18/2017 2:20,5,1.19,1,N,163,68,1,5,0.5,0.5,1.26,0,0.3,7.56
85409984,2,10/11/2017 4:30,10/11/2017 4:33,1,0.11,1,N,148,148,2,3.5,0.5,0.5,0,0,0.3,4.8
65162438,1,8/1/2017 15:52,8/1/2017 16:08,1,0.5,1,N,162,163,2,10,1,0.5,0,0,0.3,11.8
81513217,2,9/28/2017 11:56,9/28/2017 12:35,1,9.12,1,N,163,181,1,33,0,0.5,11.87,5.76,0.3,51.43
40430326,2,5/18/2017 23:21,5/18/2017 23:26,1,0.96,1,N,264,264,1,6,0.5,0.5,1,0,0.3,8.3
42989842,2,5/13/2017 19:02,5/13/2017 19:12,1,0.95,1,N,43,141,1,7.5,0,0.5,1.66,0,0.3,9.96
99796162,1,11/25/2017 13:42,11/25/2017 13:50,1,1.2,1,N,142,50,2,7.5,0,0.5,0,0,0.3,8.3
76102868,1,9/10/2017 15:47,9/10/2017 16:09,2,2,1,N,230,113,2,14,0,0.5,0,0,0.3,14.8
65659570,1,8/3/2017 7:27,8/3/2017 7:45,1,3,1,N,140,230,1,14.5,0,0.5,1,0,0.3,16.3
2684305,2,1/10/2017 22:29,1/10/2017 23:06,1,18.57,2,N,132,48,1,52,0,0.5,13.2,0,0.3,66
91028523,2,10/28/2017 11:33,10/28/2017 11:40,1,1.26,1,N,161,100,1,6.5,0,0.5,1.46,0,0.3,8.76
67373838,2,8/9/2017 11:54,8/9/2017 12:31,1,14.81,1,N,138,231,1,43.5,0,0.5,10.01,5.76,0.3,60.07
72487442,2,8/28/2017 13:05,8/28/2017 13:25,1,2.82,1,N,164,239,2,14.5,0,0.5,0,0,0.3,15.3
92472527,1,11/1/2017 23:24,11/1/2017 23:37,1,2.4,1,N,100,4,1,10.5,0.5,0.5,2.35,0,0.3,14.15
90860814,2,10/27/2017 21:50,10/27/2017 22:35,1,22.43,2,N,132,163,2,52,0,0.5,0,5.76,0.3,58.56
26075867,2,3/30/2017 8:38,3/30/2017 8:48,6,3.28,1,N,262,137,1,12,0,0.5,0,0,0.3,12.8
84304397,2,10/7/2017 10:29,10/7/2017 10:36,1,0.42,1,N,161,164,1,6,0,0.5,1,0,0.3,7.8
99932344,1,11/25/2017 22:09,11/25/2017 22:23,2,6.1,1,N,170,25,1,18.5,0.5,0.5,3.95,0,0.3,23.75
67822897,2,8/10/2017 20:07,8/10/2017 20:16,2,1.52,1,N,100,249,2,8,0.5,0.5,0,0,0.3,9.3
34551817,1,4/26/2017 12:11,4/26/2017 12:25,3,2.9,1,N,226,129,1,12.5,0,0.5,2.65,0,0.3,15.95
41372483,1,5/9/2017 14:06,5/9/2017 14:15,1,0.8,1,N,186,230,1,7,0,0.5,1.95,0,0.3,9.75
72350225,1,8/27/2017 20:04,8/27/2017 20:08,1,0.7,1,N,107,90,1,4.5,0,0.5,1.3,0,0.3,6.6
22515190,2,3/18/2017 20:36,3/18/2017 20:45,1,2.4,1,N,233,237,1,10,0.5,0.5,2.26,0,0.3,13.56
3170374,2,1/12/2017 14:25,1/12/2017 14:31,1,0.47,1,N,114,113,1,6,0,0.5,2.04,0,0.3,8.84
110121297,2,12/28/2017 19:55,12/28/2017 20:05,6,2.71,1,N,161,263,2,11,1,0.5,0,0,0.3,12.8
72396979,1,8/28/2017 2:11,8/28/2017 2:22,1,4.2,1,N,162,7,2,14,0.5,0.5,0,0,0.3,15.3
106790283,2,12/16/2017 19:47,12/16/2017 19:57,1,1.29,1,N,114,231,1,8,0,0.5,2.2,0,0.3,11
41581207,1,5/20/2017 10:56,5/20/2017 11:01,1,0.7,1,N,239,238,1,5,0,0.5,1.45,0,0.3,7.25
75916404,2,9/9/2017 23:13,9/9/2017 23:30,2,1.71,1,N,68,114,1,11.5,0.5,0.5,3,0,0.3,15.8
11711394,1,2/14/2017 21:30,2/14/2017 21:38,1,1.7,1,N,140,239,2,8,0.5,0.5,0,0,0.3,9.3
86838712,2,10/15/2017 11:43,10/15/2017 12:06,5,3.51,1,N,237,246,2,16.5,0,0.5,0,0,0.3,17.3
50978957,1,6/16/2017 12:05,6/16/2017 12:11,1,1,1,N,137,224,1,5.5,0,0.5,1.25,0,0.3,7.55
103523703,2,12/7/2017 10:25,12/7/2017 10:42,1,1.33,1,N,43,161,2,11.5,0,0.5,0,0,0.3,12.3
678518,2,1/3/2017 10:35,1/3/2017 10:38,1,0.5,1,N,246,186,2,4.5,0,0.5,0,0,0.3,5.3
80923702,2,9/26/2017 14:29,9/26/2017 14:59,2,2.19,1,N,186,229,1,18,0,0.5,3.76,0,0.3,22.56
106575186,1,12/16/2017 6:39,12/16/2017 7:07,2,17.8,2,N,75,132,1,52,0,0.5,6,5.76,0.3,64.56
8280524,2,2/4/2017 4:22,2/4/2017 4:28,1,1.26,1,N,116,42,2,6.5,0.5,0.5,0,0,0.3,7.8
101951897,2,12/2/2017 13:58,12/2/2017 14:02,4,0.75,1,N,142,50,1,5,0,0.5,0.5,0,0.3,6.3
7522040,1,2/2/2017 6:47,2/2/2017 6:50,1,0.6,1,N,114,107,1,4.5,0,0.5,0.79,0,0.3,6.09
112519588,2,1/5/2017 23:02,1/5/2017 23:25,2,5.35,1,N,90,181,1,20,0.5,0.5,3,0,0.3,24.3
17384538,2,3/11/2017 12:57,3/11/2017 13:05,1,1.9,1,N,233,79,2,8,0,0.5,0,0,0.3,8.8
20321823,2,3/26/2017 14:08,3/26/2017 14:26,1,3.44,1,N,246,45,1,15,0,0.5,3.16,0,0.3,18.96
12035644,1,2/15/2017 20:27,2/15/2017 20:48,1,4.3,1,N,162,41,1,17,0.5,0.5,1,0,0.3,19.3
49835190,1,6/12/2017 21:24,6/12/2017 21:35,1,1.7,1,N,144,90,1,8.5,0.5,0.5,1.76,0,0.3,11.56
71249792,2,8/23/2017 17:23,8/23/2017 17:48,2,9.54,1,N,132,39,2,29,1,0.5,0,0,0.3,30.8
59652905,1,7/13/2017 15:05,7/13/2017 15:12,1,0.5,1,N,107,107,2,6,0,0.5,0,0,0.3,6.8
40843792,1,5/20/2017 1:36,5/20/2017 1:42,1,0.9,1,N,79,234,1,6,0.5,0.5,1.8,0,0.3,9.1
68709085,1,8/14/2017 10:15,8/14/2017 10:18,1,0.6,1,N,234,170,1,4.5,0,0.5,1.05,0,0.3,6.35
83707126,1,10/5/2017 14:42,10/5/2017 14:47,1,0.4,1,N,100,230,1,5,0,0.5,5,0,0.3,10.8
47425677,1,6/11/2017 2:28,6/11/2017 2:34,1,1.3,1,N,100,246,3,6.5,0.5,0.5,0,0,0.3,7.8
23695673,2,3/22/2017 0:43,3/22/2017 0:49,1,1.67,1,N,68,48,2,7,0.5,0.5,0,0,0.3,8.3
19455574,1,3/11/2017 19:31,3/11/2017 19:47,1,1.7,1,N,264,264,1,11,0,0.5,2.95,0,0.3,14.75
99118294,1,11/22/2017 12:11,11/22/2017 12:41,2,1.7,1,N,43,239,2,18,0,0.5,0,0,0.3,18.8
1872662,2,1/21/2017 7:25,1/21/2017 7:30,1,1.36,1,N,163,186,1,6.5,0,0.5,1.82,0,0.3,9.12
72464991,1,8/28/2017 11:30,8/28/2017 11:41,1,1.4,1,N,164,113,2,8.5,0,0.5,0,0,0.3,9.3
110495611,2,12/30/2017 5:25,12/30/2017 6:01,6,18.23,2,N,68,132,2,52,0,0.5,0,0,0.3,52.8
111539427,1,1/15/2017 20:34,1/15/2017 20:36,1,0.4,1,N,236,236,1,3.5,0.5,0.5,1.5,0,0.3,6.3
33720745,2,4/29/2017 0:49,4/29/2017 1:00,1,1.22,1,N,68,125,1,8.5,0.5,0.5,2,0,0.3,11.8
68088214,2,8/11/2017 19:27,8/11/2017 19:51,1,5.56,1,N,12,142,2,21,1,0.5,0,0,0.3,22.8
52767738,1,6/21/2017 16:08,6/21/2017 16:18,1,1.6,1,N,238,41,1,8.5,1,0.5,3.05,0,0.3,13.35
90034127,2,10/25/2017 14:58,10/25/2017 15:26,1,1.44,1,N,170,186,1,16.5,0,0.5,3.46,0,0.3,20.76
50172984,1,6/14/2017 7:54,6/14/2017 7:59,2,0.7,1,N,100,161,1,5.5,0,0.5,1,0,0.3,7.3
29311746,1,4/8/2017 18:29,4/8/2017 18:31,1,0.5,1,N,239,142,2,3.5,0,0.5,0,0,0.3,4.3
107812546,2,12/19/2017 23:06,12/19/2017 23:13,1,1.97,1,N,161,236,1,8.5,0.5,0.5,1.96,0,0.3,11.76
33161222,2,4/22/2017 11:52,4/22/2017 12:18,1,5.57,1,N,79,74,2,21.5,0,0.5,0,0,0.3,22.3
64793902,1,7/31/2017 8:03,7/31/2017 8:17,1,1.6,1,N,233,107,2,10,0,0.5,0,0,0.3,10.8
89031729,2,10/22/2017 3:27,10/22/2017 3:42,1,2.36,1,N,42,168,1,11.5,0.5,0.5,2.56,0,0.3,15.36
16755476,2,3/1/2017 8:24,3/1/2017 8:39,3,1.34,1,N,107,229,1,10,0,0.5,2.16,0,0.3,12.96
99488190,2,11/24/2017 1:13,11/24/2017 1:24,5,3.76,1,N,141,4,1,13,0.5,0.5,2.86,0,0.3,17.16
32577980,1,4/20/2017 22:05,4/20/2017 22:23,1,5.7,1,N,233,42,1,19,0.5,0.5,0,0,0.3,20.3
12003075,2,2/15/2017 19:00,2/15/2017 19:19,1,2.67,1,N,229,239,2,14,1,0.5,0,0,0.3,15.8
51139206,1,6/16/2017 20:49,6/16/2017 21:05,1,4.1,1,N,88,79,2,15.5,0.5,0.5,0,0,0.3,16.8
20848448,1,3/13/2017 5:46,3/13/2017 6:08,1,6.2,1,N,162,138,1,20.5,0.5,0.5,4.36,0,0.3,26.16
111965871,2,1/17/2017 16:05,1/17/2017 16:23,1,2.21,1,N,234,163,1,12.5,1,0.5,3.58,0,0.3,17.88
93470504,1,11/4/2017 21:12,11/4/2017 21:20,2,1.3,1,N,211,231,1,7,0.5,0.5,1.65,0,0.3,9.95
100461475,2,11/27/2017 21:02,11/27/2017 21:09,2,1.09,1,N,114,158,1,6.5,0.5,0.5,1,0,0.3,8.8
93771754,2,11/5/2017 19:57,11/5/2017 20:08,1,3.18,1,N,239,152,1,12,0.5,0.5,0,0,0.3,13.3
55513311,2,6/6/2017 18:48,6/6/2017 18:58,3,1.66,1,N,231,13,1,8.5,1,0.5,2.06,0,0.3,12.36
16168695,2,2/28/2017 15:20,2/28/2017 15:38,1,1.56,1,N,75,263,2,12.5,0,0.5,0,0,0.3,13.3
58204142,2,7/8/2017 14:52,7/8/2017 15:11,1,3.69,1,N,107,263,1,15.5,0,0.5,2.44,0,0.3,18.74
100679684,1,11/28/2017 17:18,11/28/2017 17:35,1,0.8,1,N,233,161,1,11,1,0.5,2,0,0.3,14.8
26278660,1,3/31/2017 5:05,3/31/2017 5:16,1,6.4,1,N,87,141,1,19,0.5,0.5,4.05,0,0.3,24.35
25075013,2,3/27/2017 13:01,3/27/2017 13:38,2,26.12,4,N,138,265,1,100,0,0.5,15,5.76,0.3,121.56
37391761,1,5/4/2017 5:45,5/4/2017 5:52,1,1.8,1,N,142,43,2,8,0.5,0.5,0,0,0.3,9.3
37706725,1,5/3/2017 21:06,5/3/2017 21:10,2,0.8,1,N,68,48,1,4.5,0.5,0.5,1.15,0,0.3,6.95
29420109,2,4/8/2017 23:46,4/8/2017 23:56,1,2.06,1,N,7,260,1,9.5,0.5,0.5,2.7,0,0.3,13.5
35193290,2,4/10/2017 0:07,4/10/2017 0:23,4,7.25,1,N,230,116,2,22,0.5,0.5,0,0,0.3,23.3
26004617,1,3/30/2017 3:04,3/30/2017 3:08,1,0.5,1,N,68,246,2,4.5,0.5,0.5,0,0,0.3,5.8
69808246,1,8/18/2017 9:30,8/18/2017 9:52,1,7.3,1,N,132,265,1,22.5,0,0.5,5.8,0,0.3,29.1
39037062,2,5/7/2017 18:34,5/7/2017 18:48,1,2.72,1,N,238,41,1,12.5,0,0.5,0,0,0.3,13.3
81133913,1,9/27/2017 8:17,9/27/2017 8:51,1,5.1,1,N,142,13,1,23.5,0,0.5,6.08,0,0.3,30.38
111978370,1,1/17/2017 16:56,1/17/2017 17:29,1,8.5,1,N,237,231,1,29,1,0.5,6.15,0,0.3,36.95
98122514,2,11/19/2017 1:31,11/19/2017 1:40,5,0.89,1,N,79,4,2,7,0.5,0.5,0,0,0.3,8.3
109494854,1,12/26/2017 12:58,12/26/2017 13:02,3,0.4,1,N,100,48,2,4.5,0,0.5,0,0,0.3,5.3
92102517,2,10/31/2017 20:29,10/31/2017 20:30,1,0,1,N,50,50,2,2.5,0.5,0.5,0,0,0.3,3.8
2895899,1,1/11/2017 15:43,1/11/2017 16:03,1,4.2,1,N,87,246,1,16.5,0,0.5,3.45,0,0.3,20.75
70604386,2,8/21/2017 11:23,8/21/2017 11:24,2,0.07,1,N,161,161,2,3,0,0.5,0,0,0.3,3.8
43876746,1,5/22/2017 16:59,5/22/2017 17:03,1,0.7,1,N,151,238,1,5.5,1,0.5,1.45,0,0.3,8.75
9397494,2,2/9/2017 23:24,2/10/2017 23:24,5,4.86,1,N,249,238,1,17.5,0.5,0.5,0,0,0.3,18.8
4224498,2,1/23/2017 17:36,1/23/2017 17:45,5,1.12,1,N,163,50,2,7.5,1,0.5,0,0,0.3,9.3
48158163,1,6/3/2017 23:42,6/3/2017 23:49,1,0.7,1,N,170,164,1,6,0.5,0.5,1.45,0,0.3,8.75
39261472,2,5/21/2017 19:26,5/21/2017 19:40,2,2.35,1,N,42,75,1,11.5,0,0.5,0,0,0.3,12.3
49994874,2,6/13/2017 17:35,6/13/2017 17:50,1,1.08,1,N,107,164,2,10,1,0.5,0,0,0.3,11.8
67853183,2,8/10/2017 22:44,8/10/2017 23:09,5,6.19,1,N,261,142,1,22.5,0.5,0.5,4.76,0,0.3,28.56
66402449,2,8/5/2017 17:27,8/5/2017 17:36,1,1.3,1,N,161,142,1,8,0,0.5,1,0,0.3,9.8
18012483,2,3/4/2017 11:43,3/4/2017 11:46,1,0.45,1,N,161,164,1,4,0,0.5,1.2,0,0.3,6
94135218,2,11/7/2017 6:35,11/7/2017 6:47,3,3.97,1,N,79,236,1,12.5,0,0.5,3.32,0,0.3,16.62
16219541,2,2/28/2017 18:12,2/28/2017 18:20,6,1.32,1,N,236,141,2,7.5,1,0.5,0,0,0.3,9.3
55332864,2,6/5/2017 19:27,6/5/2017 19:59,2,9.94,1,N,132,72,1,32,1,0.5,6.76,0,0.3,40.56
48716691,1,6/5/2017 15:36,6/5/2017 15:47,1,1.3,1,N,170,141,1,8.5,0,0.5,2.75,0,0.3,12.05
104562381,1,12/10/2017 8:52,12/10/2017 8:58,1,1.4,1,N,166,42,2,7,0,0.5,0,0,0.3,7.8
14385183,1,2/23/2017 8:44,2/23/2017 9:14,1,7.8,1,N,140,13,1,28,0,0.5,5,0,0.3,33.8
48530590,2,6/30/2017 0:50,6/30/2017 1:27,1,5.32,1,N,148,79,1,24.5,0.5,0.5,4,0,0.3,29.8
33716612,1,4/29/2017 0:35,4/29/2017 0:52,4,3.1,1,N,163,144,2,13.5,0.5,0.5,0,0,0.3,14.8
24137252,1,3/23/2017 9:41,3/23/2017 9:52,2,1.1,1,N,161,237,1,8,0,0.5,2.2,0,0.3,11
103083915,2,12/6/2017 1:36,12/6/2017 1:54,1,5.13,1,N,114,112,2,18,0.5,0.5,0,0,0.3,19.3
46565818,2,5/31/2017 12:35,5/31/2017 12:46,2,1.5,1,N,140,233,1,8.5,0,0.5,3,0,0.3,12.3
96532706,1,11/14/2017 13:53,11/14/2017 14:09,1,6.2,1,N,140,209,1,20,0,0.5,4.15,0,0.3,24.95
73780401,2,9/2/2017 11:31,9/2/2017 11:33,6,0.67,1,N,164,234,1,4.5,0,0.5,0,0,0.3,5.3
89502484,2,10/23/2017 19:44,10/23/2017 19:56,1,1.62,1,N,79,148,1,9.5,1,0.5,2.26,0,0.3,13.56
100093050,2,11/26/2017 16:00,11/26/2017 16:04,2,0.74,1,N,24,238,1,5,0,0.5,1.74,0,0.3,7.54
61640632,1,7/20/2017 9:44,7/20/2017 9:52,1,1.1,1,N,237,236,1,7.5,0,0.5,1.7,0,0.3,10
76301264,2,9/11/2017 10:29,9/11/2017 10:35,4,1.03,1,N,158,125,1,6,0,0.5,1.36,0,0.3,8.16
3995733,1,1/16/2017 11:52,1/16/2017 11:59,1,0.4,1,N,107,164,1,6,0,0.5,1.35,0,0.3,8.15
30519851,2,4/14/2017 23:34,4/14/2017 23:49,2,2.33,1,N,186,231,1,11.5,0.5,0.5,2.56,0,0.3,15.36
77228020,2,9/14/2017 8:42,9/14/2017 8:54,1,1.01,1,N,140,237,2,8.5,0,0.5,0,0,0.3,9.3
59580447,1,7/13/2017 11:29,7/13/2017 11:33,1,0.4,1,N,142,142,2,4.5,0,0.5,0,0,0.3,5.3
84597981,1,10/8/2017 4:06,10/8/2017 4:15,1,3.5,1,N,137,263,1,11,0.5,0.5,3.05,0,0.3,15.35
91134463,1,10/28/2017 17:12,10/28/2017 17:33,1,2.8,1,N,79,161,1,14.5,0,0.5,2.5,0,0.3,17.8
43027814,1,5/13/2017 21:02,5/13/2017 21:24,1,3.6,1,N,239,234,1,16,0.5,0.5,3.45,0,0.3,20.75
25872898,2,3/29/2017 19:42,3/29/2017 19:54,1,2.13,1,N,231,13,1,10.5,1,0.5,3.08,0,0.3,15.38
62025490,2,7/21/2017 13:38,7/21/2017 13:47,1,1.64,1,N,224,170,1,8,0,0.5,1.76,0,0.3,10.56
87017503,1,10/15/2017 22:39,10/15/2017 23:14,1,21.8,2,N,132,261,2,52,0,0.5,0,0,0.3,52.8
49543047,1,6/11/2017 22:16,6/11/2017 22:38,1,4.6,1,N,114,263,1,18,0.5,0.5,3.85,0,0.3,23.15
47986048,1,6/3/2017 15:53,6/3/2017 15:58,2,1.1,1,N,239,151,1,5.5,0,0.5,1.55,0,0.3,7.85
26580079,2,3/31/2017 21:50,3/31/2017 22:14,1,2.51,1,N,48,113,2,16,0.5,0.5,0,0,0.3,17.3
83761595,2,10/5/2017 18:12,10/5/2017 18:32,1,1.41,1,N,100,246,1,13,1,0.5,2.2,0,0.3,17
46260476,2,5/30/2017 12:49,5/30/2017 13:03,2,1.37,1,N,186,107,1,10.5,0,0.5,2.26,0,0.3,13.56
52697472,1,6/28/2017 10:23,6/28/2017 10:36,1,1.4,1,N,137,163,1,9.5,0,0.5,2.05,0,0.3,12.35
80571932,1,9/25/2017 11:49,9/25/2017 11:52,1,0.9,1,N,238,236,1,5,0,0.5,1.7,0,0.3,7.5
54731956,2,6/27/2017 10:30,6/27/2017 10:51,1,2.6,1,N,230,43,2,14.5,0,0.5,0,0,0.3,15.3
77799621,1,9/15/2017 22:13,9/15/2017 22:22,1,1.7,1,N,161,141,2,8.5,0.5,0.5,0,0,0.3,9.8
109212202,1,12/24/2017 17:35,12/24/2017 17:57,3,10,1,N,138,90,1,30,0,0.5,6,5.76,0.3,42.56
56720463,1,7/2/2017 8:38,7/2/2017 8:43,1,1.2,1,N,48,163,2,6,0,0.5,0,0,0.3,6.8
12762608,2,2/17/2017 20:39,2/17/2017 21:13,1,19.57,2,N,132,140,1,52,0,0.5,11.67,5.54,0.3,70.01
62158525,1,7/21/2017 21:22,7/21/2017 21:27,1,0.9,1,N,186,249,1,5,0.5,0.5,1.25,0,0.3,7.55
64631802,2,7/30/2017 14:12,7/30/2017 14:15,1,0.45,1,N,162,161,1,4,0,0.5,0.96,0,0.3,5.76
59308062,1,7/12/2017 14:51,7/12/2017 14:59,2,1.4,1,N,231,158,1,7,0,0.5,1.17,0,0.3,8.97
53621957,2,6/23/2017 19:12,6/23/2017 19:29,1,3.28,1,N,246,237,1,13.5,1,0.5,3.82,0,0.3,19.12
45739690,2,5/28/2017 6:50,5/28/2017 6:57,1,1.13,1,N,163,143,2,7,0,0.5,0,0,0.3,7.8
18514856,2,3/5/2017 14:30,3/5/2017 14:56,1,5.11,1,N,48,145,1,20.5,0,0.5,4.26,0,0.3,25.56
22022161,1,3/17/2017 13:01,3/17/2017 13:22,1,2.1,1,N,143,151,2,14,0,0.5,0,0,0.3,14.8
51307163,1,6/17/2017 11:13,6/17/2017 11:16,1,0.4,1,N,263,236,2,4,0,0.5,0,0,0.3,4.8
14310485,1,2/22/2017 22:58,2/22/2017 23:05,1,1.6,1,N,68,48,2,7,0.5,0.5,0,0,0.3,8.3
69377079,2,8/16/2017 19:24,8/16/2017 19:35,3,3.43,1,N,196,134,1,12,1,0.5,3.45,0,0.3,17.25
51280876,2,6/17/2017 9:10,6/17/2017 9:25,2,2.98,1,N,79,237,1,12.5,0,0.5,3.32,0,0.3,16.62
46816001,1,6/9/2017 22:31,6/9/2017 22:36,1,1,1,N,68,48,2,5.5,0.5,0.5,0,0,0.3,6.8
54733120,1,6/27/2017 10:35,6/27/2017 10:40,1,0.8,1,N,125,158,1,5,0,0.5,1,0,0.3,6.8
71264442,1,8/23/2017 18:23,8/23/2017 19:18,1,16.7,2,N,132,230,1,52,4.5,0.5,42.29,0,0.3,99.59
27937775,1,4/4/2017 22:49,4/4/2017 23:14,1,10.7,1,N,138,239,1,32.5,0.5,0.5,7.9,5.76,0.3,47.46
23324362,2,3/20/2017 22:06,3/20/2017 22:14,3,1.42,1,N,107,170,2,7.5,0.5,0.5,0,0,0.3,8.8
97547110,2,11/17/2017 13:15,11/17/2017 13:32,1,2.42,1,N,107,232,2,13,0,0.5,0,0,0.3,13.8
101722844,2,12/1/2017 20:53,12/1/2017 21:02,2,0.98,1,N,107,114,1,7,0.5,0.5,1,0,0.3,9.3
41324998,2,5/9/2017 11:08,5/9/2017 12:02,1,11.46,1,N,138,161,1,41,0,0.5,15,0,0.3,56.8
3918862,1,1/16/2017 2:26,1/16/2017 2:34,1,3.8,1,N,87,107,1,12.5,0.5,0.5,2,0,0.3,15.8
33472357,2,4/28/2017 23:57,4/28/2017 23:59,2,0.28,1,N,137,137,1,3.5,0.5,0.5,1,0,0.3,5.8
39202808,2,5/21/2017 15:56,5/21/2017 16:10,6,2.78,1,N,229,238,1,12,0,0.5,0,0,0.3,12.8
45051864,2,5/25/2017 20:37,5/25/2017 20:41,2,0.79,1,N,239,142,1,5,0.5,0.5,1.26,0,0.3,7.56
47507232,1,6/29/2017 19:45,6/29/2017 19:54,1,1.4,1,N,142,161,1,7.5,0.5,0.5,1.75,0,0.3,10.55
88587517,1,10/20/2017 20:14,10/20/2017 20:19,3,0.8,1,N,143,48,1,5.5,0.5,0.5,1.35,0,0.3,8.15
52460369,1,6/20/2017 18:16,6/20/2017 18:32,1,2.3,1,N,236,41,1,12.5,0,0.5,2.66,0,0.3,15.96
97322595,1,11/16/2017 20:38,11/16/2017 20:59,1,4.7,1,N,164,74,1,17.5,0.5,0.5,3.75,0,0.3,22.55
21218323,2,3/14/2017 14:49,3/14/2017 15:03,1,3.23,1,N,226,162,1,13,0,0.5,3.45,0,0.3,17.25
